Date,Open,High,Low,Close,Volume,Dividends,Stock Splits,Capital Gains
2019-02-04,19.84,20.07,19.83,20.07,47200,0.00,0.00,0.00
2019-02-05,20.15,20.28,20.10,20.20,110700,0.00,0.00,0.00
2019-02-06,20.19,20.21,19.99,20.14,45300,0.00,0.00,0.00
2019-02-07,19.97,19.99,19.68,19.85,58200,0.00,0.00,0.00
2019-02-08,19.68,19.89,19.63,19.87,18900,0.00,0.00,0.00
2019-02-11,20.04,20.11,19.94,19.96,88400,0.00,0.00,0.00
2019-02-12,20.10,20.25,20.07,20.25,24900,0.00,0.00,0.00
2019-02-13,20.28,20.38,20.24,20.24,24000,0.00,0.00,0.00
2019-02-14,20.15,20.29,20.07,20.25,13900,0.00,0.00,0.00
2019-02-15,20.33,20.33,20.21,20.29,11800,0.00,0.00,0.00
2019-02-19,20.29,20.50,20.29,20.44,98300,0.00,0.00,0.00
2019-02-20,20.42,20.48,20.27,20.28,9400,0.00,0.00,0.00
2019-02-21,20.29,20.29,20.12,20.18,10000,0.00,0.00,0.00
2019-02-22,20.45,20.72,20.45,20.72,62000,0.00,0.00,0.00
2019-02-25,20.96,21.06,20.86,20.87,54400,0.00,0.00,0.00
2019-02-26,20.82,20.82,20.63,20.75,31400,0.00,0.00,0.00
2019-02-27,20.64,20.90,20.60,20.88,25600,0.00,0.00,0.00
2019-02-28,20.74,20.95,20.71,20.87,51700,0.00,0.00,0.00
2019-03-01,21.05,21.05,20.78,20.87,29500,0.00,0.00,0.00
2019-03-04,20.98,21.00,20.42,20.61,21200,0.00,0.00,0.00
2019-03-05,20.66,20.81,20.54,20.75,9400,0.00,0.00,0.00
2019-03-06,20.81,20.81,20.60,20.61,17600,0.00,0.00,0.00
2019-03-07,20.61,20.61,20.27,20.32,22700,0.00,0.00,0.00
2019-03-08,19.99,20.21,19.84,20.21,26100,0.00,0.00,0.00
2019-03-11,20.56,20.78,20.55,20.75,9900,0.00,0.00,0.00
2019-03-12,20.76,20.85,20.70,20.79,22900,0.00,0.00,0.00
2019-03-13,20.87,21.07,20.87,20.98,18900,0.00,0.00,0.00
2019-03-14,20.88,20.96,20.88,20.90,30500,0.00,0.00,0.00
2019-03-15,20.95,21.06,20.93,20.98,13300,0.00,0.00,0.00
2019-03-18,21.16,21.23,21.03,21.16,72400,0.00,0.00,0.00
2019-03-19,21.22,21.25,21.11,21.18,66100,0.00,0.00,0.00
2019-03-20,21.16,21.22,20.87,21.09,31800,0.00,0.00,0.00
2019-03-21,20.95,21.41,20.92,21.39,24300,0.00,0.00,0.00
2019-03-22,21.29,21.32,20.82,20.83,32000,0.00,0.00,0.00
2019-03-25,20.76,20.87,20.63,20.80,24500,0.00,0.00,0.00
2019-03-26,21.05,21.10,20.84,20.93,19400,0.00,0.00,0.00
2019-03-27,21.00,21.03,20.66,20.84,36600,0.00,0.00,0.00
2019-03-28,20.94,21.06,20.84,21.02,28600,0.00,0.00,0.00
2019-03-29,21.12,21.23,21.11,21.22,24700,0.00,0.00,0.00
2019-04-01,21.33,21.49,21.26,21.49,29700,0.00,0.00,0.00
2019-04-02,21.50,21.50,21.38,21.47,32300,0.00,0.00,0.00
2019-04-03,21.67,21.85,21.67,21.71,26300,0.00,0.00,0.00
2019-04-04,21.73,21.73,21.43,21.53,22500,0.00,0.00,0.00
2019-04-05,21.71,21.82,21.71,21.78,23900,0.00,0.00,0.00
2019-04-08,21.80,21.88,21.69,21.87,27800,0.00,0.00,0.00
2019-04-09,21.88,21.90,21.76,21.76,17300,0.00,0.00,0.00
2019-04-10,21.83,21.93,21.81,21.93,14500,0.00,0.00,0.00
2019-04-11,21.86,21.86,21.78,21.79,21000,0.00,0.00,0.00
2019-04-12,21.96,22.08,21.84,21.93,35000,0.00,0.00,0.00
2019-04-15,21.94,21.96,21.79,21.87,21200,0.00,0.00,0.00
2019-04-16,22.01,22.06,21.94,22.01,38600,0.00,0.00,0.00
2019-04-17,22.17,22.27,21.93,21.99,15400,0.00,0.00,0.00
2019-04-18,21.97,21.97,21.73,21.90,15000,0.00,0.00,0.00
2019-04-22,21.84,22.04,21.84,22.04,14100,0.00,0.00,0.00
2019-04-23,22.05,22.31,22.05,22.26,22900,0.00,0.00,0.00
2019-04-24,22.33,22.40,22.20,22.20,31800,0.00,0.00,0.00
2019-04-25,22.14,22.19,21.99,22.15,23800,0.00,0.00,0.00
2019-04-26,22.17,22.24,22.02,22.22,19200,0.00,0.00,0.00
2019-04-29,22.26,22.37,22.26,22.29,18200,0.00,0.00,0.00
2019-04-30,22.31,22.34,22.19,22.30,39300,0.00,0.00,0.00
2019-05-01,22.45,22.55,22.26,22.29,39700,0.00,0.00,0.00
2019-05-02,22.14,22.14,21.82,22.02,34100,0.00,0.00,0.00
2019-05-03,22.20,22.45,22.12,22.45,45100,0.00,0.00,0.00
2019-05-06,21.86,22.38,21.75,22.35,50300,0.00,0.00,0.00
2019-05-07,22.22,22.23,21.71,21.87,48300,0.00,0.00,0.00
2019-05-08,21.95,22.13,21.91,22.01,32300,0.00,0.00,0.00
2019-05-09,21.66,21.91,21.43,21.87,31900,0.00,0.00,0.00
2019-05-10,21.91,22.00,21.61,21.92,19700,0.00,0.00,0.00
2019-05-13,21.39,21.39,21.08,21.08,37300,0.00,0.00,0.00
2019-05-14,21.26,21.59,21.21,21.50,18800,0.00,0.00,0.00
2019-05-15,21.40,21.75,21.33,21.71,63500,0.00,0.00,0.00
2019-05-16,21.76,22.12,21.76,21.96,46200,0.00,0.00,0.00
2019-05-17,21.62,21.78,21.52,21.52,22500,0.00,0.00,0.00
2019-05-20,21.23,21.34,21.12,21.21,54600,0.00,0.00,0.00
2019-05-21,21.38,21.49,21.38,21.45,11300,0.00,0.00,0.00
2019-05-22,21.41,21.55,21.38,21.41,15200,0.00,0.00,0.00
2019-05-23,21.12,21.12,20.82,20.91,27100,0.00,0.00,0.00
2019-05-24,21.22,21.22,20.98,21.08,24400,0.00,0.00,0.00
2019-05-28,21.18,21.34,21.08,21.13,11800,0.00,0.00,0.00
2019-05-29,20.95,21.01,20.80,20.86,11600,0.00,0.00,0.00
2019-05-30,20.88,20.99,20.83,20.95,19700,0.00,0.00,0.00
2019-05-31,20.71,20.82,20.64,20.70,16800,0.00,0.00,0.00
2019-06-03,20.67,20.75,20.23,20.33,48400,0.00,0.00,0.00
2019-06-04,20.43,20.76,20.36,20.76,23300,0.00,0.00,0.00
2019-06-05,20.97,21.08,20.75,21.03,18000,0.00,0.00,0.00
2019-06-06,21.03,21.20,20.97,21.20,6500,0.00,0.00,0.00
2019-06-07,21.27,21.59,21.27,21.49,15200,0.00,0.00,0.00
2019-06-10,21.72,21.98,21.72,21.72,15200,0.00,0.00,0.00
2019-06-11,21.99,22.00,21.63,21.75,9800,0.00,0.00,0.00
2019-06-12,21.63,21.67,21.59,21.63,16000,0.00,0.00,0.00
2019-06-13,21.71,21.75,21.68,21.74,5900,0.00,0.00,0.00
2019-06-14,21.65,21.65,21.52,21.58,12400,0.00,0.00,0.00
2019-06-17,21.68,21.77,21.65,21.72,8800,0.00,0.00,0.00
2019-06-18,21.96,22.19,21.81,22.00,32500,0.00,0.00,0.00
2019-06-19,22.02,22.16,21.95,22.15,14900,0.00,0.00,0.00
2019-06-20,22.47,22.54,22.28,22.43,13800,0.00,0.00,0.00
2019-06-21,22.35,22.39,22.25,22.26,21700,0.00,0.00,0.00
2019-06-24,22.28,22.30,22.14,22.17,18200,0.00,0.00,0.00
2019-06-25,22.12,22.12,21.72,21.72,16900,0.00,0.00,0.00
2019-06-26,21.86,22.01,21.85,21.85,6400,0.00,0.00,0.00
2019-06-27,22.01,22.16,22.01,22.15,12800,0.00,0.00,0.00
2019-06-28,22.18,22.29,22.11,22.29,8800,0.00,0.00,0.00
2019-07-01,22.66,22.74,22.46,22.51,25400,0.00,0.00,0.00
2019-07-02,22.45,22.52,22.41,22.52,13100,0.00,0.00,0.00
2019-07-03,22.53,22.62,22.50,22.62,6800,0.00,0.00,0.00
2019-07-05,22.51,22.61,22.36,22.57,20300,0.00,0.00,0.00
2019-07-08,22.45,22.45,22.35,22.40,16400,0.00,0.00,0.00
2019-07-09,22.27,22.71,22.27,22.70,26500,0.00,0.00,0.00
2019-07-10,22.76,22.89,22.76,22.77,9300,0.00,0.00,0.00
2019-07-11,22.85,22.90,22.78,22.84,14300,0.00,0.00,0.00
2019-07-12,22.85,22.93,22.78,22.91,15000,0.00,0.00,0.00
2019-07-15,22.96,22.98,22.91,22.98,18300,0.00,0.00,0.00
2019-07-16,23.00,23.00,22.80,22.81,18100,0.00,0.00,0.00
2019-07-17,22.77,22.89,22.74,22.74,10300,0.00,0.00,0.00
2019-07-18,22.66,22.80,22.64,22.78,10900,0.00,0.00,0.00
2019-07-19,22.99,22.99,22.64,22.64,18000,0.00,0.00,0.00
2019-07-22,22.67,22.79,22.67,22.70,10600,0.00,0.00,0.00
2019-07-23,22.75,22.89,22.71,22.89,10100,0.00,0.00,0.00
2019-07-24,22.84,23.04,22.81,23.04,9100,0.00,0.00,0.00
2019-07-25,22.93,22.93,22.76,22.81,19500,0.00,0.00,0.00
2019-07-26,22.91,23.04,22.91,23.00,15200,0.00,0.00,0.00
2019-07-29,22.99,23.01,22.66,22.80,12900,0.00,0.00,0.00
2019-07-30,22.65,22.74,22.58,22.64,10300,0.00,0.00,0.00
2019-07-31,22.65,22.75,22.30,22.50,12500,0.00,0.00,0.00
2019-08-01,22.65,23.03,22.34,22.44,9900,0.00,0.00,0.00
2019-08-02,22.10,22.10,21.62,21.79,29700,0.00,0.00,0.00
2019-08-05,21.20,21.20,20.63,20.83,30900,0.00,0.00,0.00
2019-08-06,21.13,21.13,20.86,21.06,15800,0.00,0.00,0.00
2019-08-07,20.85,21.24,20.78,21.23,12600,0.00,0.00,0.00
2019-08-08,21.27,21.44,21.11,21.43,33800,0.00,0.00,0.00
2019-08-09,21.40,21.44,21.12,21.22,8500,0.00,0.00,0.00
2019-08-12,21.02,21.02,20.75,20.80,15600,0.00,0.00,0.00
2019-08-13,20.78,21.21,20.74,21.13,12800,0.00,0.00,0.00
2019-08-14,20.72,20.74,20.41,20.52,17700,0.00,0.00,0.00
2019-08-15,20.61,20.62,20.42,20.58,12500,0.00,0.00,0.00
2019-08-16,20.78,20.95,20.78,20.95,9500,0.00,0.00,0.00
2019-08-19,21.29,21.29,21.21,21.29,12200,0.00,0.00,0.00
2019-08-20,21.28,21.36,21.23,21.25,7700,0.00,0.00,0.00
2019-08-21,21.52,21.62,21.48,21.57,14100,0.00,0.00,0.00
2019-08-22,21.59,21.59,21.30,21.42,12100,0.00,0.00,0.00
2019-08-23,21.42,21.59,20.93,20.93,13700,0.00,0.00,0.00
2019-08-26,21.19,21.33,21.16,21.24,10900,0.00,0.00,0.00
2019-08-27,21.31,21.32,20.97,21.08,8300,0.00,0.00,0.00
2019-08-28,20.78,21.03,20.78,20.99,22300,0.00,0.00,0.00
2019-08-29,21.22,21.36,21.18,21.31,8600,0.00,0.00,0.00
2019-08-30,21.43,21.43,21.17,21.28,6800,0.00,0.00,0.00
2019-09-03,21.23,21.34,21.11,21.17,7700,0.00,0.00,0.00
2019-09-04,21.34,21.40,21.33,21.40,6400,0.00,0.00,0.00
2019-09-05,21.63,21.76,21.61,21.72,21500,0.00,0.00,0.00
2019-09-06,21.70,21.82,21.68,21.68,9600,0.00,0.00,0.00
2019-09-09,21.78,21.78,21.36,21.47,11400,0.00,0.00,0.00
2019-09-10,21.21,21.41,21.19,21.41,11900,0.00,0.00,0.00
2019-09-11,21.52,21.68,21.49,21.68,9500,0.00,0.00,0.00
2019-09-12,21.80,21.86,21.69,21.71,7800,0.00,0.00,0.00
2019-09-13,21.75,21.75,21.65,21.68,15000,0.00,0.00,0.00
2019-09-16,21.48,21.67,21.48,21.62,7500,0.00,0.00,0.00
2019-09-17,21.67,21.75,21.63,21.74,4700,0.00,0.00,0.00
2019-09-18,21.70,21.70,21.50,21.69,7600,0.00,0.00,0.00
2019-09-19,21.65,21.77,21.55,21.59,6000,0.00,0.00,0.00
2019-09-20,21.64,21.65,21.42,21.50,7700,0.00,0.00,0.00
2019-09-23,21.40,21.41,21.29,21.36,14100,0.00,0.00,0.00
2019-09-24,21.40,21.40,20.94,20.97,33100,0.00,0.00,0.00
2019-09-25,20.94,21.28,20.83,21.25,16700,0.00,0.00,0.00
2019-09-26,21.34,21.36,21.24,21.33,6000,0.00,0.00,0.00
2019-09-27,21.35,21.38,20.88,20.96,7700,0.00,0.00,0.00
2019-09-30,21.02,21.18,21.00,21.15,4600,0.00,0.00,0.00
2019-10-01,21.19,21.25,20.99,20.99,8800,0.00,0.00,0.00
2019-10-02,20.82,20.82,20.50,20.61,28500,0.00,0.00,0.00
2019-10-03,20.72,20.97,20.57,20.97,7900,0.00,0.00,0.00
2019-10-04,21.03,21.23,20.98,21.23,4800,0.00,0.00,0.00
2019-10-07,21.19,21.26,21.15,21.16,5600,0.00,0.00,0.00
2019-10-08,20.96,20.96,20.72,20.72,7800,0.00,0.00,0.00
2019-10-09,20.92,20.99,20.92,20.96,5600,0.00,0.00,0.00
2019-10-10,20.99,21.17,20.98,21.09,4000,0.00,0.00,0.00
2019-10-11,21.31,21.51,21.31,21.37,10600,0.00,0.00,0.00
2019-10-14,21.31,21.37,21.30,21.36,7200,0.00,0.00,0.00
2019-10-15,21.40,21.74,21.40,21.72,12800,0.00,0.00,0.00
2019-10-16,21.41,21.48,21.41,21.45,5100,0.00,0.00,0.00
2019-10-17,21.63,21.63,21.54,21.56,6900,0.00,0.00,0.00
2019-10-18,21.49,21.49,21.16,21.25,10000,0.00,0.00,0.00
2019-10-21,21.42,21.63,21.42,21.61,11500,0.00,0.00,0.00
2019-10-22,21.58,21.60,21.26,21.26,5000,0.00,0.00,0.00
2019-10-23,21.15,21.32,21.15,21.25,7500,0.00,0.00,0.00
2019-10-24,21.35,21.64,21.35,21.64,4000,0.00,0.00,0.00
2019-10-25,21.65,21.88,21.65,21.87,11900,0.00,0.00,0.00
2019-10-28,21.96,22.18,21.96,22.13,7800,0.00,0.00,0.00
2019-10-29,22.04,22.05,21.93,21.93,3300,0.00,0.00,0.00
2019-10-30,21.84,21.98,21.79,21.98,10900,0.00,0.00,0.00
2019-10-31,21.91,21.91,21.76,21.88,5100,0.00,0.00,0.00
2019-11-01,22.03,22.13,22.02,22.12,11000,0.00,0.00,0.00
2019-11-04,22.37,22.37,22.22,22.29,11300,0.00,0.00,0.00
2019-11-05,22.27,22.27,22.10,22.12,7200,0.00,0.00,0.00
2019-11-06,22.14,22.19,22.13,22.17,13200,0.00,0.00,0.00
2019-11-07,22.41,22.63,22.38,22.43,4400,0.00,0.00,0.00
2019-11-08,22.44,22.52,22.43,22.52,6000,0.00,0.00,0.00
2019-11-11,22.31,22.54,22.31,22.52,5500,0.00,0.00,0.00
2019-11-12,22.61,22.63,22.44,22.51,8800,0.00,0.00,0.00
2019-11-13,22.48,22.74,22.48,22.74,92900,0.00,0.00,0.00
2019-11-14,22.70,22.76,22.69,22.74,6400,0.00,0.00,0.00
2019-11-15,22.75,22.84,22.73,22.84,6400,0.00,0.00,0.00
2019-11-18,22.88,22.94,22.78,22.89,6800,0.00,0.00,0.00
2019-11-19,23.05,23.06,22.83,22.91,15200,0.00,0.00,0.00
2019-11-20,22.77,23.00,22.71,22.89,19100,0.00,0.00,0.00
2019-11-21,22.88,22.95,22.84,22.90,6900,0.00,0.00,0.00
2019-11-22,23.06,23.11,22.93,23.10,11700,0.00,0.00,0.00
2019-11-25,23.26,23.50,23.26,23.48,56200,0.00,0.00,0.00
2019-11-26,23.47,23.57,23.44,23.57,67300,0.00,0.00,0.00
2019-11-27,23.61,23.63,23.52,23.61,10700,0.00,0.00,0.00
2019-11-29,23.54,23.56,23.50,23.52,4500,0.00,0.00,0.00
2019-12-02,23.52,23.52,23.06,23.22,7000,0.00,0.00,0.00
2019-12-03,22.82,23.17,22.72,23.13,20400,0.00,0.00,0.00
2019-12-04,23.22,23.31,23.21,23.22,9600,0.00,0.00,0.00
2019-12-05,23.24,23.30,23.23,23.27,10000,0.00,0.00,0.00
2019-12-06,23.44,23.45,23.40,23.40,14900,0.00,0.00,0.00
2019-12-09,23.30,23.44,23.21,23.21,10400,0.00,0.00,0.00
2019-12-10,23.23,23.23,23.10,23.11,7500,0.00,0.00,0.00
2019-12-11,23.13,23.22,23.04,23.17,8900,0.00,0.00,0.00
2019-12-12,23.23,23.43,23.19,23.31,4400,0.00,0.00,0.00
2019-12-13,23.43,23.43,23.29,23.31,11500,0.00,0.00,0.00
2019-12-16,23.53,23.73,23.53,23.69,9100,0.00,0.00,0.00
2019-12-17,23.78,23.78,23.65,23.71,11800,0.00,0.00,0.00
2019-12-18,23.75,23.85,23.75,23.76,23700,0.00,0.00,0.00
2019-12-19,23.72,23.81,23.72,23.80,16700,0.00,0.00,0.00
2019-12-20,23.86,23.88,23.82,23.83,8300,0.00,0.00,0.00
2019-12-23,23.86,23.92,23.82,23.84,15700,0.00,0.00,0.00
2019-12-24,23.86,23.94,23.82,23.92,10600,0.00,0.00,0.00
2019-12-26,23.98,24.14,23.98,24.10,14400,0.00,0.00,0.00
2019-12-27,24.25,24.25,24.04,24.12,41300,0.30,0.00,0.00
2019-12-30,24.13,24.13,23.78,23.78,22200,0.00,0.00,0.00
2019-12-31,23.80,23.90,23.78,23.90,11600,0.00,0.00,0.00
2020-01-02,24.12,24.48,24.12,24.48,13300,0.00,0.00,0.00
2020-01-03,24.12,24.33,24.06,24.21,21900,0.00,0.00,0.00
2020-01-06,24.12,24.37,24.12,24.37,16900,0.00,0.00,0.00
2020-01-07,24.46,24.64,24.46,24.59,25300,0.00,0.00,0.00
2020-01-08,24.53,24.89,24.53,24.79,25000,0.00,0.00,0.00
2020-01-09,25.01,25.05,24.86,25.02,20300,0.00,0.00,0.00
2020-01-10,25.15,25.23,25.05,25.12,26300,0.00,0.00,0.00
2020-01-13,25.27,25.53,25.23,25.51,51200,0.00,0.00,0.00
2020-01-14,25.43,25.43,25.24,25.32,47900,0.00,0.00,0.00
2020-01-15,25.35,25.61,25.35,25.43,51900,0.00,0.00,0.00
2020-01-16,25.57,25.78,25.52,25.63,57500,0.00,0.00,0.00
2020-01-17,25.75,25.75,25.63,25.69,30100,0.00,0.00,0.00
2020-01-21,25.44,25.55,25.33,25.41,60000,0.00,0.00,0.00
2020-01-22,25.59,25.74,25.47,25.52,16800,0.00,0.00,0.00
2020-01-23,25.37,25.55,25.26,25.51,23600,0.00,0.00,0.00
2020-01-24,25.68,25.80,25.28,25.47,36900,0.00,0.00,0.00
2020-01-27,24.68,25.08,24.56,24.91,36000,0.00,0.00,0.00
2020-01-28,25.09,25.41,25.00,25.40,31500,0.00,0.00,0.00
2020-01-29,25.63,25.70,25.46,25.58,27300,0.00,0.00,0.00
2020-01-30,25.25,25.56,25.17,25.56,25400,0.00,0.00,0.00
2020-01-31,25.48,25.48,25.09,25.15,17600,0.00,0.00,0.00
2020-02-03,25.30,25.66,25.30,25.59,57600,0.00,0.00,0.00
2020-02-04,26.14,26.40,26.09,26.32,65200,0.00,0.00,0.00
2020-02-05,26.62,26.71,25.96,26.04,57200,0.00,0.00,0.00
2020-02-06,26.10,26.14,25.94,26.08,31500,0.00,0.00,0.00
2020-02-07,26.12,26.19,25.96,26.01,40400,0.00,0.00,0.00
2020-02-10,25.93,26.29,25.93,26.27,57300,0.00,0.00,0.00
2020-02-11,26.47,26.64,26.40,26.45,49100,0.00,0.00,0.00
2020-02-12,26.76,26.85,26.59,26.83,91000,0.00,0.00,0.00
2020-02-13,26.65,26.99,26.65,26.83,87300,0.00,0.00,0.00
2020-02-14,26.93,27.01,26.85,26.96,77200,0.00,0.00,0.00
2020-02-18,26.90,26.98,26.82,26.93,46600,0.00,0.00,0.00
2020-02-19,27.11,27.40,27.06,27.28,102200,0.00,0.00,0.00
2020-02-20,27.41,27.63,26.90,27.32,85800,0.00,0.00,0.00
2020-02-21,27.25,27.25,26.68,26.82,80200,0.00,0.00,0.00
2020-02-24,25.55,25.89,25.21,25.71,126200,0.00,0.00,0.00
2020-02-25,25.92,25.97,24.87,24.93,94400,0.00,0.00,0.00
2020-02-26,25.05,25.46,24.81,24.96,136700,0.00,0.00,0.00
2020-02-27,24.66,25.27,24.31,24.32,92100,0.00,0.00,0.00
2020-02-28,23.48,24.57,23.47,24.57,92900,0.00,0.00,0.00
2020-03-02,24.64,25.10,24.25,25.10,60700,0.00,0.00,0.00
2020-03-03,25.21,25.40,24.21,24.49,44200,0.00,0.00,0.00
2020-03-04,24.75,25.18,24.58,25.14,65000,0.00,0.00,0.00
2020-03-05,24.64,24.93,24.31,24.41,35500,0.00,0.00,0.00
2020-03-06,23.85,24.03,23.45,23.95,62000,0.00,0.00,0.00
2020-03-09,22.42,22.91,21.92,22.15,68200,0.00,0.00,0.00
2020-03-10,22.87,23.01,22.03,23.00,112200,0.00,0.00,0.00
2020-03-11,22.32,22.50,21.44,21.74,120600,0.00,0.00,0.00
2020-03-12,20.13,20.38,19.47,19.49,108500,0.00,0.00,0.00
2020-03-13,20.71,21.02,19.73,21.02,70000,0.00,0.00,0.00
2020-03-16,18.41,19.46,17.86,18.34,103800,0.00,0.00,0.00
2020-03-17,18.86,19.47,18.16,19.21,53500,0.00,0.00,0.00
2020-03-18,17.96,18.43,16.88,17.69,87200,0.00,0.00,0.00
2020-03-19,17.75,18.59,17.36,18.23,76700,0.00,0.00,0.00
2020-03-20,18.82,19.21,17.83,17.88,71300,0.00,0.00,0.00
2020-03-23,17.92,18.05,17.20,18.01,116400,0.00,0.00,0.00
2020-03-24,18.82,19.75,18.82,19.67,123000,0.00,0.00,0.00
2020-03-25,19.85,21.09,19.68,20.27,102300,0.00,0.00,0.00
2020-03-26,20.43,21.16,20.43,21.10,67100,0.00,0.00,0.00
2020-03-27,20.33,20.71,20.14,20.29,50100,0.00,0.00,0.00
2020-03-30,20.47,20.65,20.04,20.63,29900,0.00,0.00,0.00
2020-03-31,20.73,20.88,20.17,20.31,43100,0.00,0.00,0.00
2020-04-01,19.73,19.73,19.04,19.15,75900,0.00,0.00,0.00
2020-04-02,19.11,19.54,18.97,19.24,31500,0.00,0.00,0.00
2020-04-03,19.13,19.18,18.59,18.75,31000,0.00,0.00,0.00
2020-04-06,19.60,20.54,19.60,20.52,66300,0.00,0.00,0.00
2020-04-07,21.30,21.46,20.70,20.75,58600,0.00,0.00,0.00
2020-04-08,21.06,21.54,20.99,21.49,75200,0.00,0.00,0.00
2020-04-09,21.71,22.24,21.69,21.76,164200,0.00,0.00,0.00
2020-04-13,21.81,21.82,21.30,21.76,38500,0.00,0.00,0.00
2020-04-14,22.39,22.67,22.25,22.60,116900,0.00,0.00,0.00
2020-04-15,22.08,22.30,21.88,22.26,51800,0.00,0.00,0.00
2020-04-16,22.37,22.53,22.12,22.37,33900,0.00,0.00,0.00
2020-04-17,22.85,22.87,22.60,22.84,80700,0.00,0.00,0.00
2020-04-20,22.67,23.31,22.58,22.94,92600,0.00,0.00,0.00
2020-04-21,22.63,22.66,22.01,22.23,46000,0.00,0.00,0.00
2020-04-22,22.76,23.15,22.73,23.11,48400,0.00,0.00,0.00
2020-04-23,23.25,23.41,22.97,23.02,64600,0.00,0.00,0.00
2020-04-24,23.13,23.38,23.01,23.33,31900,0.00,0.00,0.00
2020-04-27,23.58,23.83,23.55,23.80,54800,0.00,0.00,0.00
2020-04-28,24.06,24.07,23.33,23.39,80000,0.00,0.00,0.00
2020-04-29,23.82,24.44,23.78,24.39,52900,0.00,0.00,0.00
2020-04-30,24.39,24.49,24.05,24.13,41500,0.00,0.00,0.00
2020-05-01,23.48,23.72,23.33,23.53,58100,0.00,0.00,0.00
2020-05-04,23.32,23.80,23.22,23.78,37200,0.00,0.00,0.00
2020-05-05,24.19,24.51,24.11,24.16,56000,0.00,0.00,0.00
2020-05-06,24.50,24.68,24.36,24.43,76200,0.00,0.00,0.00
2020-05-07,25.01,25.65,25.01,25.54,120100,0.00,0.00,0.00
2020-05-08,25.80,26.36,25.61,26.24,101400,0.00,0.00,0.00
2020-05-11,26.14,26.52,26.09,26.38,197200,0.00,0.00,0.00
2020-05-12,26.54,26.56,25.96,25.96,227300,0.00,0.00,0.00
2020-05-13,26.01,26.24,25.29,25.70,174000,0.00,0.00,0.00
2020-05-14,25.31,26.06,25.09,26.06,107800,0.00,0.00,0.00
2020-05-15,25.77,26.21,25.65,26.16,67000,0.00,0.00,0.00
2020-05-18,26.72,26.84,26.56,26.60,68900,0.00,0.00,0.00
2020-05-19,26.60,27.24,26.60,26.76,125300,0.00,0.00,0.00
2020-05-20,27.27,27.55,27.14,27.43,186300,0.00,0.00,0.00
2020-05-21,27.28,27.40,26.84,27.24,181900,0.00,0.00,0.00
2020-05-22,27.22,27.48,27.04,27.48,81100,0.00,0.00,0.00
2020-05-26,28.23,28.33,27.66,27.70,274700,0.00,0.00,0.00
2020-05-27,27.89,27.89,26.77,27.63,173000,0.00,0.00,0.00
2020-05-28,27.70,28.05,27.51,27.59,109900,0.00,0.00,0.00
2020-05-29,27.65,28.25,27.65,28.21,92700,0.00,0.00,0.00
2020-06-01,28.27,28.69,28.21,28.64,184000,0.00,0.00,0.00
2020-06-02,28.81,29.15,28.70,29.14,229800,0.00,0.00,0.00
2020-06-03,29.40,29.70,29.23,29.61,214700,0.00,0.00,0.00
2020-06-04,29.62,29.73,29.01,29.23,184600,0.00,0.00,0.00
2020-06-05,29.41,29.78,29.36,29.57,104600,0.00,0.00,0.00
2020-06-08,29.69,29.76,29.45,29.76,129100,0.00,0.00,0.00
2020-06-09,29.48,29.98,29.46,29.78,173200,0.00,0.00,0.00
2020-06-10,29.99,30.31,29.84,30.13,223000,0.00,0.00,0.00
2020-06-11,29.31,29.64,28.54,28.57,241700,0.00,0.00,0.00
2020-06-12,29.43,29.60,28.61,29.19,195800,0.00,0.00,0.00
2020-06-15,28.59,29.87,28.52,29.81,124100,0.00,0.00,0.00
2020-06-16,30.66,30.66,29.94,30.45,268900,0.00,0.00,0.00
2020-06-17,30.69,31.07,30.62,30.82,221400,0.00,0.00,0.00
2020-06-18,30.55,30.85,30.50,30.79,178700,0.00,0.00,0.00
2020-06-19,31.23,31.36,30.88,30.91,206400,0.00,0.00,0.00
2020-06-22,31.09,31.63,31.09,31.56,372000,0.00,0.00,0.00
2020-06-23,31.97,32.22,31.85,31.94,262600,0.00,0.00,0.00
2020-06-24,31.72,31.91,30.77,31.10,281400,0.00,0.00,0.00
2020-06-25,31.09,31.59,31.03,31.57,186700,0.00,0.00,0.00
2020-06-26,31.59,31.68,30.85,31.06,178200,0.00,0.00,0.00
2020-06-29,31.13,31.18,30.51,31.18,193600,0.00,0.00,0.00
2020-06-30,31.10,31.56,31.10,31.46,139600,0.00,0.00,0.00
2020-07-01,31.50,32.45,31.50,32.33,217000,0.00,0.00,0.00
2020-07-02,32.88,32.98,32.57,32.65,274400,0.00,0.00,0.00
2020-07-06,33.81,34.39,33.67,33.79,619600,0.00,0.00,0.00
2020-07-07,33.69,34.37,33.58,33.88,319200,0.00,0.00,0.00
2020-07-08,34.30,35.12,34.30,35.11,626000,0.00,0.00,0.00
2020-07-09,35.28,35.49,34.51,35.01,381100,0.00,0.00,0.00
2020-07-10,34.88,35.01,34.44,34.86,303200,0.00,0.00,0.00
2020-07-13,35.23,35.34,33.59,33.67,464600,0.00,0.00,0.00
2020-07-14,33.33,33.67,32.56,33.64,347600,0.00,0.00,0.00
2020-07-15,34.10,34.20,33.51,33.98,232300,0.00,0.00,0.00
2020-07-16,33.35,33.62,33.16,33.50,200300,0.00,0.00,0.00
2020-07-17,33.74,33.92,33.47,33.89,379300,0.00,0.00,0.00
2020-07-20,33.91,35.08,33.91,35.02,390700,0.00,0.00,0.00
2020-07-21,35.49,35.70,34.94,35.07,360600,0.00,0.00,0.00
2020-07-22,34.88,35.25,34.74,35.01,205000,0.00,0.00,0.00
2020-07-23,34.98,35.21,33.97,34.25,292100,0.00,0.00,0.00
2020-07-24,33.72,34.05,33.24,33.91,240400,0.00,0.00,0.00
2020-07-27,34.25,34.73,34.13,34.70,268100,0.00,0.00,0.00
2020-07-28,34.54,34.78,34.35,34.36,177800,0.00,0.00,0.00
2020-07-29,34.64,35.28,34.64,35.23,265100,0.00,0.00,0.00
2020-07-30,34.92,35.48,34.72,35.46,239300,0.00,0.00,0.00
2020-07-31,36.30,36.36,35.52,36.12,378900,0.00,0.00,0.00
2020-08-03,36.61,37.24,36.61,37.12,891600,0.00,0.00,0.00
2020-08-04,37.22,37.33,36.96,37.30,498900,0.00,0.00,0.00
2020-08-05,37.97,38.30,37.96,38.12,693700,0.00,0.00,0.00
2020-08-06,38.21,38.41,37.98,38.34,514200,0.00,0.00,0.00
2020-08-07,38.13,38.49,37.29,37.71,553700,0.00,0.00,0.00
2020-08-10,37.95,37.95,36.74,36.99,512300,0.00,0.00,0.00
2020-08-11,37.01,37.11,36.26,36.31,459100,0.00,0.00,0.00
2020-08-12,36.63,37.02,36.59,36.79,487200,0.00,0.00,0.00
2020-08-13,36.88,37.33,36.88,37.06,364700,0.00,0.00,0.00
2020-08-14,37.07,37.14,36.75,36.99,249800,0.00,0.00,0.00
2020-08-17,37.28,37.93,37.27,37.88,423600,0.00,0.00,0.00
2020-08-18,38.20,38.41,37.88,38.32,461500,0.00,0.00,0.00
2020-08-19,38.42,38.63,38.15,38.27,597100,0.00,0.00,0.00
2020-08-20,38.06,38.64,37.91,38.59,423700,0.00,0.00,0.00
2020-08-21,38.58,38.75,38.43,38.62,514400,0.00,0.00,0.00
2020-08-24,39.25,39.27,38.60,38.85,706500,0.00,0.00,0.00
2020-08-25,38.91,39.27,38.57,39.27,379500,0.00,0.00,0.00
2020-08-26,39.53,40.00,39.52,39.84,832500,0.00,0.00,0.00
2020-08-27,40.18,40.45,39.84,40.08,769200,0.00,0.00,0.00
2020-08-28,40.19,40.31,40.00,40.23,570800,0.00,0.00,0.00
2020-08-31,40.06,40.40,39.87,40.22,723000,0.00,0.00,0.00
2020-09-01,40.66,41.47,40.53,41.45,664700,0.00,0.00,0.00
2020-09-02,42.05,42.17,40.69,41.41,826200,0.00,0.00,0.00
2020-09-03,40.58,40.58,38.80,39.29,1300400,0.00,0.00,0.00
2020-09-04,39.03,39.29,36.64,38.37,1809100,0.00,0.00,0.00
2020-09-08,36.88,37.84,36.65,36.84,673700,0.00,0.00,0.00
2020-09-09,37.59,37.95,37.01,37.71,769300,0.00,0.00,0.00
2020-09-10,38.07,38.44,37.02,37.15,559500,0.00,0.00,0.00
2020-09-11,37.59,37.70,36.59,37.01,454100,0.00,0.00,0.00
2020-09-14,37.54,38.01,37.49,37.90,364300,0.00,0.00,0.00
2020-09-15,38.39,38.70,38.22,38.61,560100,0.00,0.00,0.00
2020-09-16,38.68,38.98,38.25,38.30,458100,0.00,0.00,0.00
2020-09-17,37.36,37.85,37.25,37.70,311000,0.00,0.00,0.00
2020-09-18,38.07,38.09,37.10,37.58,286900,0.00,0.00,0.00
2020-09-21,36.93,37.94,36.71,37.93,1441100,0.00,0.00,0.00
2020-09-22,38.23,38.74,37.80,38.73,938300,0.00,0.00,0.00
2020-09-23,38.74,38.92,37.73,37.91,610300,0.00,0.00,0.00
2020-09-24,37.49,38.29,37.17,37.88,624100,0.00,0.00,0.00
2020-09-25,37.69,38.58,37.53,38.52,345500,0.00,0.00,0.00
2020-09-28,39.32,39.37,38.88,39.19,729700,0.00,0.00,0.00
2020-09-29,39.26,39.53,39.20,39.28,487800,0.00,0.00,0.00
2020-09-30,39.30,39.91,39.26,39.50,689500,0.00,0.00,0.00
2020-10-01,39.97,40.57,39.90,40.49,863100,0.00,0.00,0.00
2020-10-02,39.69,40.58,39.59,40.16,684600,0.00,0.00,0.00
2020-10-05,40.50,40.96,40.50,40.94,660500,0.00,0.00,0.00
2020-10-06,40.92,41.40,40.37,40.63,655600,0.00,0.00,0.00
2020-10-07,41.25,41.54,41.23,41.46,567200,0.00,0.00,0.00
2020-10-08,41.96,41.96,41.66,41.88,759000,0.00,0.00,0.00
2020-10-09,42.10,42.52,42.05,42.48,712600,0.00,0.00,0.00
2020-10-12,43.16,43.37,42.89,43.10,1028100,0.00,0.00,0.00
2020-10-13,43.15,43.56,43.00,43.45,721300,0.00,0.00,0.00
2020-10-14,43.53,43.62,42.51,42.86,749700,0.00,0.00,0.00
2020-10-15,41.93,42.65,41.80,42.65,494400,0.00,0.00,0.00
2020-10-16,42.99,43.08,42.46,42.48,481100,0.00,0.00,0.00
2020-10-19,42.72,42.94,42.07,42.23,1040900,0.00,0.00,0.00
2020-10-20,42.48,42.93,42.36,42.48,633800,0.00,0.00,0.00
2020-10-21,42.84,43.33,42.44,42.60,698800,0.00,0.00,0.00
2020-10-22,42.76,42.93,41.98,42.48,585000,0.00,0.00,0.00
2020-10-23,42.64,42.82,42.21,42.82,363700,0.00,0.00,0.00
2020-10-26,42.44,42.76,41.32,41.81,823800,0.00,0.00,0.00
2020-10-27,42.21,42.52,42.09,42.45,471300,0.00,0.00,0.00
2020-10-28,41.70,41.72,41.17,41.40,578200,0.00,0.00,0.00
2020-10-29,42.22,42.75,42.15,42.51,821300,0.00,0.00,0.00
2020-10-30,41.96,41.97,40.42,40.74,990100,0.00,0.00,0.00
2020-11-02,41.04,41.34,40.24,40.74,690700,0.00,0.00,0.00
2020-11-03,40.87,41.53,40.57,41.30,608100,0.00,0.00,0.00
2020-11-04,42.39,43.64,42.38,43.53,982300,0.00,0.00,0.00
2020-11-05,44.61,44.63,44.09,44.52,1505700,0.00,0.00,0.00
2020-11-06,44.73,45.53,44.30,45.43,863100,0.00,0.00,0.00
2020-11-09,45.53,45.60,43.47,43.51,1616900,0.00,0.00,0.00
2020-11-10,42.91,43.01,40.85,41.72,1412100,0.00,0.00,0.00
2020-11-11,42.27,43.18,42.16,43.16,844100,0.00,0.00,0.00
2020-11-12,43.38,43.68,42.95,43.08,589300,0.00,0.00,0.00
2020-11-13,43.67,43.81,43.11,43.62,511600,0.00,0.00,0.00
2020-11-16,43.66,43.90,43.15,43.74,783900,0.00,0.00,0.00
2020-11-17,43.44,43.91,43.30,43.73,513200,0.00,0.00,0.00
2020-11-18,43.79,43.83,43.43,43.49,592900,0.00,0.00,0.00
2020-11-19,43.52,44.42,43.52,44.32,628900,0.00,0.00,0.00
2020-11-20,44.47,45.14,44.39,44.85,692600,0.00,0.00,0.00
2020-11-23,45.31,45.43,44.70,45.25,1144500,0.00,0.00,0.00
2020-11-24,45.48,45.51,44.71,45.08,822800,0.00,0.00,0.00
2020-11-25,45.05,46.02,45.03,45.99,613700,0.00,0.00,0.00
2020-11-27,46.53,46.75,46.09,46.75,587900,0.00,0.00,0.00
2020-11-30,46.76,46.82,45.44,46.49,1195000,0.00,0.00,0.00
2020-12-01,46.90,46.92,46.16,46.31,1120900,0.00,0.00,0.00
2020-12-02,45.89,46.43,45.45,46.43,736400,0.00,0.00,0.00
2020-12-03,46.54,46.94,46.46,46.70,1097000,0.00,0.00,0.00
2020-12-04,46.98,47.19,46.78,47.04,921600,0.00,0.00,0.00
2020-12-07,47.11,47.62,47.03,47.55,1446500,0.00,0.00,0.00
2020-12-08,47.61,48.04,47.40,48.00,1295700,0.00,0.00,0.00
2020-12-09,48.11,48.29,46.73,46.94,1743200,0.00,0.00,0.00
2020-12-10,46.70,47.97,46.42,47.95,1260300,0.00,0.00,0.00
2020-12-11,47.79,48.29,47.49,48.02,1142400,0.00,0.00,0.00
2020-12-14,48.34,48.67,48.04,48.11,1511700,0.00,0.00,0.00
2020-12-15,48.35,48.65,48.19,48.61,1139000,0.00,0.00,0.00
2020-12-16,49.02,49.28,48.52,49.19,1639500,0.00,0.00,0.00
2020-12-17,49.68,50.33,49.68,50.29,2035100,0.00,0.00,0.00
2020-12-18,50.49,50.49,49.96,50.22,1780400,0.00,0.00,0.00
2020-12-21,49.68,50.30,49.32,50.24,2648400,0.00,0.00,0.00
2020-12-22,50.63,51.11,50.32,51.10,2694200,0.00,0.00,0.00
2020-12-23,51.90,52.01,50.58,50.64,2430700,0.00,0.00,0.00
2020-12-24,50.62,50.66,49.91,50.10,1218200,0.00,0.00,0.00
2020-12-28,50.60,50.63,48.88,49.15,2266700,0.00,0.00,0.00
2020-12-29,49.61,49.77,48.63,49.25,1637300,0.18,0.00,0.00
2020-12-30,49.66,49.97,49.43,49.88,1176200,0.00,0.00,0.00
2020-12-31,50.01,50.02,49.40,49.71,1182500,0.00,0.00,0.00
2021-01-04,50.29,50.30,48.46,49.30,2307000,0.00,0.00,0.00
2021-01-05,49.19,50.36,49.05,50.36,1503900,0.00,0.00,0.00
2021-01-06,49.77,50.24,49.23,49.32,1973200,0.00,0.00,0.00
2021-01-07,50.31,51.12,50.07,51.08,1873500,0.00,0.00,0.00
2021-01-08,51.76,52.21,51.25,51.96,2470400,0.00,0.00,0.00
2021-01-11,50.96,51.40,50.35,50.96,1916500,0.00,0.00,0.00
2021-01-12,51.53,51.95,51.27,51.95,1934400,0.00,0.00,0.00
2021-01-13,52.15,52.55,51.82,52.18,1625100,0.00,0.00,0.00
2021-01-14,52.77,53.17,52.22,52.29,2361900,0.00,0.00,0.00
2021-01-15,52.58,52.60,51.39,51.70,1818300,0.00,0.00,0.00
2021-01-19,52.86,53.11,52.38,53.11,2233900,0.00,0.00,0.00
2021-01-20,54.46,54.48,53.65,54.14,2467300,0.00,0.00,0.00
2021-01-21,54.65,54.68,53.76,54.14,2117300,0.00,0.00,0.00
2021-01-22,53.85,54.64,53.85,54.58,1638800,0.00,0.00,0.00
2021-01-25,55.90,56.21,53.89,55.07,2949800,0.00,0.00,0.00
2021-01-26,55.05,55.07,53.92,53.99,2278700,0.00,0.00,0.00
2021-01-27,52.75,52.88,51.23,51.48,3126000,0.00,0.00,0.00
2021-01-28,51.94,53.13,51.62,52.76,1961000,0.00,0.00,0.00
2021-01-29,52.66,52.93,51.55,52.13,1694200,0.00,0.00,0.00
2021-02-01,53.14,54.19,52.73,54.14,2448300,0.00,0.00,0.00
2021-02-02,55.06,55.90,54.97,55.87,2749900,0.00,0.00,0.00
2021-02-03,56.62,56.62,55.70,56.12,2934300,0.00,0.00,0.00
2021-02-04,56.90,56.98,56.38,56.98,2481700,0.00,0.00,0.00
2021-02-05,57.42,57.82,56.98,57.79,2709400,0.00,0.00,0.00
2021-02-08,58.94,58.98,58.50,58.95,4421600,0.00,0.00,0.00
2021-02-09,59.43,60.47,59.16,60.26,5819600,0.00,0.00,0.00
2021-02-10,61.01,61.14,59.21,60.37,5810700,0.00,0.00,0.00
2021-02-11,61.65,62.44,61.40,61.94,7428100,0.00,0.00,0.00
2021-02-12,61.83,62.55,61.27,62.52,4620300,0.00,0.00,0.00
2021-02-16,63.76,64.49,63.06,63.60,9094400,0.00,0.00,0.00
2021-02-17,63.58,63.60,61.83,63.07,7029800,0.00,0.00,0.00
2021-02-18,61.45,62.00,60.51,61.82,5725400,0.00,0.00,0.00
2021-02-19,62.51,63.29,62.42,62.64,4489800,0.00,0.00,0.00
2021-02-22,61.36,61.36,59.74,59.89,6124000,0.00,0.00,0.00
2021-02-23,56.89,58.75,52.50,58.54,10620100,0.00,0.00,0.00
2021-02-24,57.53,57.94,56.31,57.59,4827700,0.00,0.00,0.00
2021-02-25,57.46,58.11,54.61,54.97,6191200,0.00,0.00,0.00
2021-02-26,54.89,55.84,53.61,55.28,4845600,0.00,0.00,0.00
2021-03-01,57.17,57.91,56.45,57.86,3983100,0.00,0.00,0.00
2021-03-02,58.40,58.50,57.01,57.08,2882100,0.00,0.00,0.00
2021-03-03,57.08,57.27,54.32,54.52,3759000,0.00,0.00,0.00
2021-03-04,53.55,54.31,49.91,51.37,8839800,0.00,0.00,0.00
2021-03-05,51.81,51.96,47.13,50.96,8092100,0.00,0.00,0.00
2021-03-08,50.49,51.11,48.18,48.23,4475400,0.00,0.00,0.00
2021-03-09,50.48,52.13,50.35,51.94,4052500,0.00,0.00,0.00
2021-03-10,53.25,53.40,51.37,51.68,3478500,0.00,0.00,0.00
2021-03-11,53.58,55.17,53.16,54.95,4269200,0.00,0.00,0.00
2021-03-12,53.54,54.27,52.69,54.27,2102000,0.00,0.00,0.00
2021-03-15,54.21,55.22,53.71,55.19,1716800,0.00,0.00,0.00
2021-03-16,55.83,56.30,54.17,54.95,2314500,0.00,0.00,0.00
2021-03-17,53.50,55.77,53.22,55.42,2214300,0.00,0.00,0.00
2021-03-18,54.39,54.53,52.10,52.41,2074400,0.00,0.00,0.00
2021-03-19,52.63,53.65,51.93,53.25,1457700,0.00,0.00,0.00
2021-03-22,53.49,53.80,52.73,53.35,1860900,0.00,0.00,0.00
2021-03-23,53.26,53.38,52.05,52.24,1779000,0.00,0.00,0.00
2021-03-24,52.35,52.35,49.44,49.44,2631100,0.00,0.00,0.00
2021-03-25,48.32,49.66,48.00,49.48,2849400,0.00,0.00,0.00
2021-03-26,49.69,50.43,48.40,49.96,1692100,0.00,0.00,0.00
2021-03-29,49.61,49.82,48.43,48.78,1604900,0.00,0.00,0.00
2021-03-30,48.57,49.81,48.23,49.72,1689400,0.00,0.00,0.00
2021-03-31,50.12,51.37,50.12,51.10,2128600,0.00,0.00,0.00
2021-04-01,52.46,53.23,52.25,52.62,2481900,0.00,0.00,0.00
2021-04-05,53.47,53.48,52.14,52.79,1540900,0.00,0.00,0.00
2021-04-06,52.74,54.19,52.74,53.83,1437300,0.00,0.00,0.00
2021-04-07,53.16,53.90,52.91,53.07,1176800,0.00,0.00,0.00
2021-04-08,53.75,54.81,53.75,54.80,1865900,0.00,0.00,0.00
2021-04-09,54.40,54.89,54.06,54.83,1171300,0.00,0.00,0.00
2021-04-12,54.60,54.69,53.75,54.41,1338200,0.00,0.00,0.00
2021-04-13,54.61,55.37,54.61,55.18,1594600,0.00,0.00,0.00
2021-04-14,55.73,55.95,53.67,53.71,2265900,0.00,0.00,0.00
2021-04-15,54.64,54.88,54.21,54.69,1403200,0.00,0.00,0.00
2021-04-16,54.70,54.78,53.50,53.82,1555500,0.00,0.00,0.00
2021-04-19,53.20,53.55,52.11,52.64,1776700,0.00,0.00,0.00
2021-04-20,52.48,52.80,51.22,51.84,1530500,0.00,0.00,0.00
2021-04-21,51.28,52.60,50.99,52.50,1188700,0.00,0.00,0.00
2021-04-22,52.72,53.45,51.96,52.32,1472600,0.00,0.00,0.00
2021-04-23,52.47,53.43,52.47,53.27,923500,0.00,0.00,0.00
2021-04-26,53.33,54.32,53.07,54.26,944000,0.00,0.00,0.00
2021-04-27,54.45,54.84,53.93,54.18,624000,0.00,0.00,0.00
2021-04-28,53.90,54.49,53.43,54.22,902200,0.00,0.00,0.00
2021-04-29,54.61,54.61,52.71,53.28,1152300,0.00,0.00,0.00
2021-04-30,52.40,53.09,52.11,52.25,942100,0.00,0.00,0.00
2021-05-03,52.53,52.63,51.44,51.58,1427800,0.00,0.00,0.00
2021-05-04,50.78,50.83,49.15,50.20,2545200,0.00,0.00,0.00
2021-05-05,50.64,50.84,49.52,49.80,1364200,0.00,0.00,0.00
2021-05-06,49.60,49.62,48.13,48.81,2334000,0.00,0.00,0.00
2021-05-07,49.53,50.19,49.10,49.41,1501100,0.00,0.00,0.00
2021-05-10,48.73,48.90,46.95,47.02,2754300,0.00,0.00,0.00
2021-05-11,44.97,47.98,44.81,47.74,2783800,0.00,0.00,0.00
2021-05-12,46.80,47.29,45.65,45.85,2241600,0.00,0.00,0.00
2021-05-13,46.26,46.59,44.10,44.87,2679000,0.00,0.00,0.00
2021-05-14,45.54,46.56,45.30,46.43,1054000,0.00,0.00,0.00
2021-05-17,46.01,46.41,45.41,46.23,1129400,0.00,0.00,0.00
2021-05-18,46.33,47.34,46.05,46.66,898600,0.00,0.00,0.00
2021-05-19,45.14,46.64,45.06,46.58,1147900,0.00,0.00,0.00
2021-05-20,46.97,48.24,46.96,48.09,1105400,0.00,0.00,0.00
2021-05-21,48.57,48.60,47.65,47.74,944900,0.00,0.00,0.00
2021-05-24,47.98,48.86,47.80,48.69,869100,0.00,0.00,0.00
2021-05-25,49.20,49.57,48.92,49.06,883900,0.00,0.00,0.00
2021-05-26,49.50,49.93,49.37,49.69,1395200,0.00,0.00,0.00
2021-05-27,49.76,49.97,48.92,49.97,814200,0.00,0.00,0.00
2021-05-28,49.89,50.39,49.73,49.83,936900,0.00,0.00,0.00
2021-06-01,50.52,51.04,50.01,50.43,1324600,0.00,0.00,0.00
2021-06-02,50.15,50.42,49.95,50.26,877700,0.00,0.00,0.00
2021-06-03,49.53,49.72,48.76,48.83,939200,0.00,0.00,0.00
2021-06-04,49.18,49.68,49.10,49.49,684500,0.00,0.00,0.00
2021-06-07,49.33,49.90,48.97,49.86,608000,0.00,0.00,0.00
2021-06-08,50.01,50.45,49.30,49.86,602800,0.00,0.00,0.00
2021-06-09,50.04,50.49,49.60,49.62,708600,0.00,0.00,0.00
2021-06-10,49.63,50.15,49.45,50.12,595800,0.00,0.00,0.00
2021-06-11,50.23,50.52,50.15,50.49,635200,0.00,0.00,0.00
2021-06-14,50.70,51.39,50.67,51.28,1106500,0.00,0.00,0.00
2021-06-15,50.94,51.15,50.43,50.57,660500,0.00,0.00,0.00
2021-06-16,50.54,50.99,49.76,50.44,818600,0.00,0.00,0.00
2021-06-17,50.34,52.18,50.13,52.03,2164200,0.00,0.00,0.00
2021-06-18,51.68,52.47,51.62,52.04,2090100,0.00,0.00,0.00
2021-06-21,51.86,52.02,50.94,51.74,1173900,0.00,0.00,0.00
2021-06-22,51.54,52.29,51.40,52.23,720900,0.00,0.00,0.00
2021-06-23,52.35,53.10,52.35,52.89,1207700,0.00,0.00,0.00
2021-06-24,53.50,54.27,53.47,53.82,1403600,0.00,0.00,0.00
2021-06-25,54.00,54.23,53.33,53.70,812900,0.00,0.00,0.00
2021-06-28,54.00,54.60,54.00,54.54,1653300,0.00,0.00,0.00
2021-06-29,54.41,54.82,54.20,54.78,889200,0.00,0.00,0.00
2021-06-30,54.53,54.53,53.99,54.11,1058800,0.00,0.00,0.00
2021-07-01,54.01,54.19,53.00,53.39,1150200,0.00,0.00,0.00
2021-07-02,53.59,53.89,53.12,53.32,764400,0.00,0.00,0.00
2021-07-06,53.02,53.53,52.76,53.22,904600,0.00,0.00,0.00
2021-07-07,53.50,53.69,52.35,52.67,1419300,0.00,0.00,0.00
2021-07-08,50.98,51.95,50.64,51.67,1787600,0.00,0.00,0.00
2021-07-09,51.97,52.92,51.77,52.91,924200,0.00,0.00,0.00
2021-07-12,53.00,53.36,52.42,52.67,672400,0.00,0.00,0.00
2021-07-13,52.55,53.15,52.26,52.41,1009800,0.00,0.00,0.00
2021-07-14,52.88,52.98,51.49,51.52,998800,0.00,0.00,0.00
2021-07-15,51.64,52.11,50.68,51.18,1545600,0.00,0.00,0.00
2021-07-16,51.36,51.54,50.67,50.79,688900,0.00,0.00,0.00
2021-07-19,49.75,50.65,49.51,50.57,1187600,0.00,0.00,0.00
2021-07-20,50.63,51.95,50.22,51.72,1016700,0.00,0.00,0.00
2021-07-21,51.64,52.86,51.52,52.82,1228700,0.00,0.00,0.00
2021-07-22,52.96,53.33,52.87,53.17,1081600,0.00,0.00,0.00
2021-07-23,53.23,53.54,52.72,53.48,813600,0.00,0.00,0.00
2021-07-26,52.99,53.04,52.21,52.26,1062100,0.00,0.00,0.00
2021-07-27,51.60,51.84,49.56,50.75,1831600,0.00,0.00,0.00
2021-07-28,51.16,52.34,50.80,52.22,1364700,0.00,0.00,0.00
2021-07-29,52.16,52.66,51.92,51.94,718700,0.00,0.00,0.00
2021-07-30,50.80,51.40,50.50,50.68,1084400,0.00,0.00,0.00
2021-08-02,51.00,52.02,50.88,51.52,1253600,0.00,0.00,0.00
2021-08-03,51.48,51.52,50.45,51.22,1193300,0.00,0.00,0.00
2021-08-04,51.31,52.40,51.31,52.28,1240800,0.00,0.00,0.00
2021-08-05,52.24,53.51,52.00,53.19,1045900,0.00,0.00,0.00
2021-08-06,53.07,53.21,52.08,52.40,1111200,0.00,0.00,0.00
2021-08-09,52.73,53.63,52.44,53.27,1006700,0.00,0.00,0.00
2021-08-10,53.46,53.80,52.61,52.68,873300,0.00,0.00,0.00
2021-08-11,53.24,53.42,52.10,52.55,810900,0.00,0.00,0.00
2021-08-12,52.35,52.63,51.94,52.50,790200,0.00,0.00,0.00
2021-08-13,52.45,52.77,52.18,52.21,647500,0.00,0.00,0.00
2021-08-16,51.92,51.96,50.59,51.15,1035000,0.00,0.00,0.00
2021-08-17,50.60,51.08,50.15,50.56,1403400,0.00,0.00,0.00
2021-08-18,50.56,51.24,50.43,50.50,703500,0.00,0.00,0.00
2021-08-19,49.87,50.64,49.66,50.23,873400,0.00,0.00,0.00
2021-08-20,50.31,50.98,50.26,50.85,881400,0.00,0.00,0.00
2021-08-23,51.39,52.19,51.30,52.07,728000,0.00,0.00,0.00
2021-08-24,52.53,53.24,52.50,53.15,800100,0.00,0.00,0.00
2021-08-25,53.05,53.35,52.85,53.29,593800,0.00,0.00,0.00
2021-08-26,53.11,53.40,52.37,52.44,676900,0.00,0.00,0.00
2021-08-27,52.76,53.68,52.62,53.65,708700,0.00,0.00,0.00
2021-08-30,53.62,54.08,53.25,53.91,791800,0.00,0.00,0.00
2021-08-31,53.86,54.19,53.56,53.85,745300,0.00,0.00,0.00
2021-09-01,54.03,54.95,54.03,54.53,1025100,0.00,0.00,0.00
2021-09-02,54.78,54.97,54.27,54.41,573900,0.00,0.00,0.00
2021-09-03,54.40,55.09,54.21,55.03,696200,0.00,0.00,0.00
2021-09-07,55.05,55.28,54.64,54.79,965900,0.00,0.00,0.00
2021-09-08,54.39,54.42,53.00,53.30,984900,0.00,0.00,0.00
2021-09-09,53.12,53.68,53.01,53.10,531100,0.00,0.00,0.00
2021-09-10,53.49,53.68,52.47,52.50,1003800,0.00,0.00,0.00
2021-09-13,52.72,52.72,51.13,52.07,1560300,0.00,0.00,0.00
2021-09-14,52.34,52.67,51.66,51.85,619200,0.00,0.00,0.00
2021-09-15,51.89,52.18,51.38,52.10,650400,0.00,0.00,0.00
2021-09-16,51.83,52.60,51.76,52.59,633800,0.00,0.00,0.00
2021-09-17,52.69,52.88,52.17,52.83,1023700,0.00,0.00,0.00
2021-09-20,51.10,51.79,50.34,51.16,1635800,0.00,0.00,0.00
2021-09-21,51.47,51.77,50.98,51.44,737800,0.00,0.00,0.00
2021-09-22,51.56,52.50,51.38,52.22,962800,0.00,0.00,0.00
2021-09-23,52.46,52.83,52.29,52.76,870500,0.00,0.00,0.00
2021-09-24,52.01,52.20,51.56,52.02,967600,0.00,0.00,0.00
2021-09-27,51.59,51.85,51.13,51.77,775500,0.00,0.00,0.00
2021-09-28,50.98,51.04,49.43,49.62,1850500,0.00,0.00,0.00
2021-09-29,50.09,50.14,48.76,48.84,1196600,0.00,0.00,0.00
2021-09-30,49.12,49.77,49.03,49.36,1061300,0.00,0.00,0.00
2021-10-01,49.54,49.92,49.01,49.78,728000,0.00,0.00,0.00
2021-10-04,49.34,49.34,47.66,48.12,1899600,0.00,0.00,0.00
2021-10-05,48.41,49.66,48.36,49.23,1021300,0.00,0.00,0.00
2021-10-06,48.71,50.07,48.68,49.85,1183000,0.00,0.00,0.00
2021-10-07,50.45,51.38,50.43,50.94,829900,0.00,0.00,0.00
2021-10-08,51.16,51.52,50.44,50.47,695000,0.00,0.00,0.00
2021-10-11,50.36,50.93,49.96,49.96,983100,0.00,0.00,0.00
2021-10-12,50.11,50.67,49.96,50.39,595200,0.00,0.00,0.00
2021-10-13,50.79,51.60,50.79,51.57,700500,0.00,0.00,0.00
2021-10-14,52.22,52.69,52.20,52.43,903700,0.00,0.00,0.00
2021-10-15,52.75,53.02,52.45,52.95,787000,0.00,0.00,0.00
2021-10-18,52.36,53.49,52.28,53.36,915500,0.00,0.00,0.00
2021-10-19,53.54,54.19,53.45,54.03,745600,0.00,0.00,0.00
2021-10-20,54.28,54.60,53.98,54.38,1092700,0.00,0.00,0.00
2021-10-21,54.07,54.72,53.93,54.40,595900,0.00,0.00,0.00
2021-10-22,53.94,54.15,52.75,53.07,951300,0.00,0.00,0.00
2021-10-25,53.29,54.24,53.05,54.16,920200,0.00,0.00,0.00
2021-10-26,54.54,54.68,53.29,53.60,820500,0.00,0.00,0.00
2021-10-27,53.28,53.52,52.29,52.30,611400,0.00,0.00,0.00
2021-10-28,52.52,53.47,52.33,53.43,632900,0.00,0.00,0.00
2021-10-29,53.00,53.55,52.92,53.39,532700,0.00,0.00,0.00
2021-11-01,53.53,54.31,53.53,54.30,799000,0.00,0.00,0.00
2021-11-02,54.29,54.35,53.13,53.40,680200,0.00,0.00,0.00
2021-11-03,53.08,53.38,52.60,53.36,964500,0.00,0.00,0.00
2021-11-04,53.65,54.19,53.33,53.83,935900,0.00,0.00,0.00
2021-11-05,54.18,54.36,52.83,53.19,1099300,0.00,0.00,0.00
2021-11-08,53.49,53.99,53.40,53.62,864100,0.00,0.00,0.00
2021-11-09,53.74,53.90,52.63,52.99,1123200,0.00,0.00,0.00
2021-11-10,52.09,52.48,50.48,50.91,1823900,0.00,0.00,0.00
2021-11-11,51.83,51.95,51.53,51.65,695000,0.00,0.00,0.00
2021-11-12,51.91,52.80,51.91,52.77,954600,0.00,0.00,0.00
2021-11-15,52.99,53.50,52.53,52.80,790700,0.00,0.00,0.00
2021-11-16,52.44,52.97,52.26,52.92,681500,0.00,0.00,0.00
2021-11-17,52.64,52.75,51.56,51.69,745000,0.00,0.00,0.00
2021-11-18,51.79,51.82,50.51,50.67,834300,0.00,0.00,0.00
2021-11-19,50.70,51.30,50.25,50.36,1296200,0.00,0.00,0.00
2021-11-22,50.27,50.27,47.30,47.81,2147300,0.00,0.00,0.00
2021-11-23,47.54,48.31,46.48,47.51,2794800,0.00,0.00,0.00
2021-11-24,46.82,48.23,46.69,48.12,1287800,0.00,0.00,0.00
2021-11-26,47.44,48.01,46.86,47.49,730100,0.00,0.00,0.00
2021-11-29,48.02,48.23,46.74,47.71,1110900,0.00,0.00,0.00
2021-11-30,47.68,48.27,46.09,46.45,1826100,0.00,0.00,0.00
2021-12-01,47.12,47.23,44.01,44.08,3092900,0.00,0.00,0.00
2021-12-02,44.01,44.80,43.16,44.12,3341900,0.00,0.00,0.00
2021-12-03,43.74,43.87,40.88,41.77,2918100,0.00,0.00,0.00
2021-12-06,41.10,42.16,40.05,42.07,3155400,0.00,0.00,0.00
2021-12-07,43.55,44.45,43.41,43.88,2179800,0.00,0.00,0.00
2021-12-08,44.00,45.03,43.36,44.95,1274500,0.00,0.00,0.00
2021-12-09,44.87,45.22,43.02,43.34,1908400,0.00,0.00,0.00
2021-12-10,43.68,44.05,42.13,42.47,1264100,0.00,0.00,0.00
2021-12-13,42.08,42.47,40.76,41.37,1769600,0.00,0.00,0.00
2021-12-14,40.57,41.30,40.13,40.71,2415700,0.00,0.00,0.00
2021-12-15,40.51,41.55,39.28,41.29,4215600,0.00,0.00,0.00
2021-12-16,41.82,41.96,39.47,39.92,3598100,0.00,0.00,0.00
2021-12-17,39.11,40.68,38.50,40.35,2986600,0.00,0.00,0.00
2021-12-20,39.31,39.84,38.92,39.23,2167900,0.00,0.00,0.00
2021-12-21,39.88,41.23,39.64,41.15,1778800,0.00,0.00,0.00
2021-12-22,41.07,41.57,40.68,41.22,1973200,0.00,0.00,0.00
2021-12-23,41.11,41.95,40.71,41.78,1721400,0.00,0.00,0.00
2021-12-27,41.81,42.17,41.64,41.80,2052700,0.00,0.00,0.00
2021-12-28,41.54,41.84,40.71,40.81,2298500,0.00,0.00,0.00
2021-12-29,40.65,40.78,39.78,40.35,1894800,0.00,0.00,0.00
2021-12-30,40.30,41.96,40.27,41.38,1622600,0.00,0.00,0.00
2021-12-31,41.19,41.62,40.81,40.85,1317900,0.00,0.00,0.00
2022-01-03,41.20,41.41,40.30,41.00,2150800,0.00,0.00,0.00
2022-01-04,40.88,40.95,38.54,39.27,2858300,0.00,0.00,0.00
2022-01-05,38.82,38.98,36.46,36.67,3156700,0.00,0.00,0.00
2022-01-06,36.57,37.31,35.44,36.80,3327100,0.00,0.00,0.00
2022-01-07,36.84,37.76,36.16,36.47,1580800,0.00,0.00,0.00
2022-01-10,35.60,36.09,34.40,36.07,2485200,0.00,0.00,0.00
2022-01-11,36.00,37.79,35.73,37.53,2120400,0.00,0.00,0.00
2022-01-12,38.26,38.60,37.02,37.32,2345000,0.00,0.00,0.00
2022-01-13,37.51,37.51,35.22,35.37,1603500,0.00,0.00,0.00
2022-01-14,35.18,35.70,34.14,35.02,1766200,0.00,0.00,0.00
2022-01-18,34.10,34.51,33.30,33.37,1539600,0.00,0.00,0.00
2022-01-19,33.58,34.27,33.04,33.10,1090700,0.00,0.00,0.00
2022-01-20,33.73,34.97,33.01,33.09,1328300,0.00,0.00,0.00
2022-01-21,32.65,32.96,30.85,31.01,2722400,0.00,0.00,0.00
2022-01-24,29.30,31.35,28.07,31.31,3384500,0.00,0.00,0.00
2022-01-25,30.45,31.33,29.69,30.48,2117300,0.00,0.00,0.00
2022-01-26,31.50,31.94,29.53,29.78,1880900,0.00,0.00,0.00
2022-01-27,30.25,30.28,28.60,28.74,1250700,0.00,0.00,0.00
2022-01-28,28.66,30.06,27.97,29.97,1325200,0.00,0.00,0.00
2022-01-31,30.34,32.57,30.33,32.50,2754700,0.00,0.00,0.00
2022-02-01,33.31,33.50,32.01,33.44,1950600,0.00,0.00,0.00
2022-02-02,33.33,33.33,31.02,31.35,2475100,0.00,0.00,0.00
2022-02-03,30.15,30.73,29.44,29.54,1382200,0.00,0.00,0.00
2022-02-04,30.03,31.55,29.38,31.23,1966100,0.00,0.00,0.00
2022-02-07,31.41,32.13,30.89,31.13,846600,0.00,0.00,0.00
2022-02-08,30.85,31.62,30.47,31.49,787300,0.00,0.00,0.00
2022-02-09,32.50,33.43,32.16,33.35,1043200,0.00,0.00,0.00
2022-02-10,32.72,34.38,32.29,32.51,1838900,0.00,0.00,0.00
2022-02-11,32.82,33.40,31.28,31.72,2616000,0.00,0.00,0.00
2022-02-14,31.24,32.52,31.11,31.53,1075400,0.00,0.00,0.00
2022-02-15,32.48,33.26,32.12,33.18,780100,0.00,0.00,0.00
2022-02-16,32.65,32.66,31.66,32.07,1568300,0.00,0.00,0.00
2022-02-17,31.66,31.75,30.02,30.15,1540800,0.00,0.00,0.00
2022-02-18,29.92,30.09,28.81,29.00,2793100,0.00,0.00,0.00
2022-02-22,28.21,29.16,27.66,28.02,2398300,0.00,0.00,0.00
2022-02-23,28.35,28.51,26.92,27.00,1170100,0.00,0.00,0.00
2022-02-24,25.02,28.26,24.80,28.15,4107300,0.00,0.00,0.00
2022-02-25,29.06,29.62,27.97,29.52,1981400,0.00,0.00,0.00
2022-02-28,29.29,30.75,29.19,30.31,1812300,0.00,0.00,0.00
2022-03-01,30.06,30.79,29.40,29.62,1252700,0.00,0.00,0.00
2022-03-02,29.53,29.63,28.44,29.40,1053500,0.00,0.00,0.00
2022-03-03,29.53,29.53,27.45,27.70,1316000,0.00,0.00,0.00
2022-03-04,27.64,27.76,25.77,25.98,1306100,0.00,0.00,0.00
2022-03-07,25.76,26.35,24.38,24.42,2539900,0.00,0.00,0.00
2022-03-08,24.29,25.46,23.68,24.40,2473200,0.00,0.00,0.00
2022-03-09,25.70,26.69,25.47,26.53,1590300,0.00,0.00,0.00
2022-03-10,25.97,25.97,24.97,25.70,1215400,0.00,0.00,0.00
2022-03-11,25.96,26.06,24.07,24.13,2085700,0.00,0.00,0.00
2022-03-14,23.97,24.38,22.78,22.98,1898600,0.00,0.00,0.00
2022-03-15,23.38,24.19,22.89,24.07,1371000,0.00,0.00,0.00
2022-03-16,25.12,26.94,25.03,26.88,2629700,0.00,0.00,0.00
2022-03-17,26.80,28.11,26.25,28.03,1891700,0.00,0.00,0.00
2022-03-18,27.89,29.71,27.87,29.62,2288600,0.00,0.00,0.00
2022-03-21,29.45,29.59,28.07,28.85,2380100,0.00,0.00,0.00
2022-03-22,28.94,30.54,28.91,30.14,1818400,0.00,0.00,0.00
2022-03-23,29.75,30.65,29.15,29.53,1401400,0.00,0.00,0.00
2022-03-24,29.87,29.90,28.70,29.86,1184000,0.00,0.00,0.00
2022-03-25,30.00,30.01,28.36,28.73,1279100,0.00,0.00,0.00
2022-03-28,29.03,29.73,28.59,29.65,1279200,0.00,0.00,0.00
2022-03-29,30.26,31.89,30.04,31.57,2913900,0.00,0.00,0.00
2022-03-30,31.35,31.62,30.09,30.36,1514200,0.00,0.00,0.00
2022-03-31,30.11,30.13,29.01,29.05,1389900,0.00,0.00,0.00
2022-04-01,29.31,29.87,28.94,29.30,1087000,0.00,0.00,0.00
2022-04-04,29.69,30.74,29.55,30.55,1301000,0.00,0.00,0.00
2022-04-05,30.40,30.60,28.87,29.08,1702300,0.00,0.00,0.00
2022-04-06,28.33,28.46,27.12,27.72,1476400,0.00,0.00,0.00
2022-04-07,27.63,28.07,26.46,27.30,837600,0.00,0.00,0.00
2022-04-08,27.11,27.13,26.34,26.46,1203800,0.00,0.00,0.00
2022-04-11,26.00,26.64,25.56,26.28,1476500,0.00,0.00,0.00
2022-04-12,27.03,27.52,25.80,25.92,2061900,0.00,0.00,0.00
2022-04-13,25.88,26.74,25.58,26.56,1159300,0.00,0.00,0.00
2022-04-14,26.60,26.60,25.39,25.41,1490600,0.00,0.00,0.00
2022-04-18,25.14,25.35,24.45,24.93,800300,0.00,0.00,0.00
2022-04-19,24.97,26.32,24.86,26.18,893600,0.00,0.00,0.00
2022-04-20,26.27,26.27,24.69,24.75,1158600,0.00,0.00,0.00
2022-04-21,25.09,25.47,23.22,23.42,1503500,0.00,0.00,0.00
2022-04-22,23.43,23.98,22.69,22.81,1285800,0.00,0.00,0.00
2022-04-25,22.60,23.55,22.46,23.44,1640800,0.00,0.00,0.00
2022-04-26,23.17,23.25,22.13,22.17,1399500,0.00,0.00,0.00
2022-04-27,22.14,22.78,21.84,21.95,1403100,0.00,0.00,0.00
2022-04-28,21.88,22.49,20.96,22.20,2394300,0.00,0.00,0.00
2022-04-29,21.81,22.96,21.14,21.20,2235100,0.00,0.00,0.00
2022-05-02,21.07,22.20,20.85,22.15,1652800,0.00,0.00,0.00
2022-05-03,21.92,22.64,21.77,21.98,1326800,0.00,0.00,0.00
2022-05-04,21.96,22.96,20.91,22.89,2097100,0.00,0.00,0.00
2022-05-05,22.08,22.08,20.40,20.72,2338600,0.00,0.00,0.00
2022-05-06,20.49,20.53,19.05,19.73,2843500,0.00,0.00,0.00
2022-05-09,19.00,19.31,17.51,17.69,3614600,0.00,0.00,0.00
2022-05-10,18.23,18.67,16.71,17.31,2758200,0.00,0.00,0.00
2022-05-11,16.62,17.26,15.53,15.64,5524800,0.00,0.00,0.00
2022-05-12,14.80,16.99,14.64,16.47,5614800,0.00,0.00,0.00
2022-05-13,17.35,18.70,17.31,18.51,3840100,0.00,0.00,0.00
2022-05-16,18.34,18.46,17.38,17.43,3077700,0.00,0.00,0.00
2022-05-17,18.17,18.51,17.33,18.33,2123500,0.00,0.00,0.00
2022-05-18,17.91,18.56,17.32,17.40,2351000,0.00,0.00,0.00
2022-05-19,17.43,18.93,17.43,18.38,2294000,0.00,0.00,0.00
2022-05-20,18.82,18.89,17.23,18.09,1951100,0.00,0.00,0.00
2022-05-23,18.15,18.30,17.46,18.12,1143000,0.00,0.00,0.00
2022-05-24,17.74,17.74,16.50,16.75,1658600,0.00,0.00,0.00
2022-05-25,16.74,17.51,16.65,17.33,1639800,0.00,0.00,0.00
2022-05-26,17.14,18.31,17.06,18.12,1824100,0.00,0.00,0.00
2022-05-27,18.38,19.16,18.33,19.15,1905900,0.00,0.00,0.00
2022-05-31,19.31,19.47,18.53,18.78,1807500,0.00,0.00,0.00
2022-06-01,18.80,19.04,17.78,18.04,1338200,0.00,0.00,0.00
2022-06-02,18.08,19.48,18.01,19.32,1685400,0.00,0.00,0.00
2022-06-03,18.85,19.08,18.27,18.38,1385800,0.00,0.00,0.00
2022-06-06,18.85,19.22,18.44,18.65,1951700,0.00,0.00,0.00
2022-06-07,18.28,19.07,18.01,19.04,1157100,0.00,0.00,0.00
2022-06-08,18.94,19.64,18.94,19.21,1302100,0.00,0.00,0.00
2022-06-09,19.05,19.06,17.94,17.97,1739700,0.00,0.00,0.00
2022-06-10,17.37,17.70,16.67,16.89,1824800,0.00,0.00,0.00
2022-06-13,15.65,16.01,15.22,15.31,2753700,0.00,0.00,0.00
2022-06-14,15.49,15.54,14.93,15.24,1763500,0.00,0.00,0.00
2022-06-15,15.44,16.26,15.30,15.98,2115900,0.00,0.00,0.00
2022-06-16,15.32,15.49,14.73,14.87,2184900,0.00,0.00,0.00
2022-06-17,14.96,15.56,14.91,15.37,1551200,0.00,0.00,0.00
2022-06-21,15.73,16.39,15.70,15.95,1594900,0.00,0.00,0.00
2022-06-22,15.57,16.44,15.55,16.02,1159800,0.00,0.00,0.00
2022-06-23,16.21,17.18,16.05,17.11,1345700,0.00,0.00,0.00
2022-06-24,17.42,17.92,17.30,17.85,1226000,0.00,0.00,0.00
2022-06-27,17.85,18.00,17.05,17.50,1337400,0.00,0.00,0.00
2022-06-28,17.52,17.66,16.46,16.52,1074300,0.00,0.00,0.00
2022-06-29,16.43,16.55,15.98,16.19,1047600,0.00,0.00,0.00
2022-06-30,15.84,15.89,15.09,15.49,991000,0.00,0.00,0.00
2022-07-01,15.54,16.11,15.46,15.85,1076400,0.00,0.00,0.00
2022-07-05,15.53,16.82,15.20,16.82,1080200,0.00,0.00,0.00
2022-07-06,16.77,17.14,16.37,16.50,975000,0.00,0.00,0.00
2022-07-07,16.56,17.36,16.42,17.35,687300,0.00,0.00,0.00
2022-07-08,17.01,17.69,16.78,17.28,664400,0.00,0.00,0.00
2022-07-11,16.98,17.01,16.16,16.19,976500,0.00,0.00,0.00
2022-07-12,16.30,16.72,15.96,16.29,707400,0.00,0.00,0.00
2022-07-13,15.79,16.51,15.57,16.13,1517700,0.00,0.00,0.00
2022-07-14,15.90,16.08,15.50,15.74,970700,0.00,0.00,0.00
2022-07-15,16.04,16.33,15.72,16.28,975600,0.00,0.00,0.00
2022-07-18,16.72,17.21,16.47,16.58,911700,0.00,0.00,0.00
2022-07-19,16.95,17.46,16.59,17.44,1062700,0.00,0.00,0.00
2022-07-20,17.47,18.71,17.45,18.62,1773900,0.00,0.00,0.00
2022-07-21,18.40,18.91,18.25,18.88,716400,0.00,0.00,0.00
2022-07-22,18.83,19.00,17.75,17.92,1507300,0.00,0.00,0.00
2022-07-25,17.92,17.95,17.47,17.69,488700,0.00,0.00,0.00
2022-07-26,17.10,17.10,16.39,16.43,979500,0.00,0.00,0.00
2022-07-27,16.80,17.81,16.73,17.68,1253000,0.00,0.00,0.00
2022-07-28,17.52,17.94,17.00,17.94,680000,0.00,0.00,0.00
2022-07-29,17.71,18.08,17.53,17.88,1569800,0.00,0.00,0.00
2022-08-01,17.69,18.35,17.40,18.13,1008700,0.00,0.00,0.00
2022-08-02,17.84,18.84,17.76,18.57,1701400,0.00,0.00,0.00
2022-08-03,18.88,20.13,18.85,20.05,2098000,0.00,0.00,0.00
2022-08-04,20.76,21.16,20.12,20.52,1360800,0.00,0.00,0.00
2022-08-05,19.72,20.82,19.63,20.28,2029800,0.00,0.00,0.00
2022-08-08,20.58,21.27,20.45,20.61,1266700,0.00,0.00,0.00
2022-08-09,20.28,20.28,19.33,19.54,1476700,0.00,0.00,0.00
2022-08-10,20.60,20.93,20.26,20.88,1710100,0.00,0.00,0.00
2022-08-11,21.45,21.73,20.15,20.28,2542500,0.00,0.00,0.00
2022-08-12,20.70,21.10,20.34,21.06,920100,0.00,0.00,0.00
2022-08-15,20.79,21.17,20.73,21.02,680300,0.00,0.00,0.00
2022-08-16,21.04,21.33,20.27,20.96,747300,0.00,0.00,0.00
2022-08-17,20.48,20.59,19.91,20.02,1496400,0.00,0.00,0.00
2022-08-18,19.97,19.97,19.44,19.76,965900,0.00,0.00,0.00
2022-08-19,19.23,19.23,18.40,18.47,1409800,0.00,0.00,0.00
2022-08-22,17.96,18.38,17.82,17.99,1014900,0.00,0.00,0.00
2022-08-23,17.99,18.51,17.88,17.95,585800,0.00,0.00,0.00
2022-08-24,18.02,18.72,17.99,18.41,983500,0.00,0.00,0.00
2022-08-25,18.61,18.92,18.36,18.91,835900,0.00,0.00,0.00
2022-08-26,18.91,18.96,17.86,17.89,758400,0.00,0.00,0.00
2022-08-29,17.61,18.19,17.61,17.66,798900,0.00,0.00,0.00
2022-08-30,17.84,18.14,17.30,17.62,679400,0.00,0.00,0.00
2022-08-31,17.82,18.16,17.40,17.49,1301700,0.00,0.00,0.00
2022-09-01,17.25,17.25,16.50,17.22,837300,0.00,0.00,0.00
2022-09-02,17.47,17.51,16.78,16.89,1558000,0.00,0.00,0.00
2022-09-06,16.92,16.98,16.45,16.63,549900,0.00,0.00,0.00
2022-09-07,16.38,17.15,16.32,17.13,1322700,0.00,0.00,0.00
2022-09-08,16.79,17.59,16.67,17.58,558300,0.00,0.00,0.00
2022-09-09,17.90,18.56,17.90,18.49,567300,0.00,0.00,0.00
2022-09-12,18.75,19.09,18.65,19.03,676900,0.00,0.00,0.00
2022-09-13,17.79,18.22,17.67,17.74,1150100,0.00,0.00,0.00
2022-09-14,17.68,18.13,17.44,18.13,639300,0.00,0.00,0.00
2022-09-15,17.87,18.78,17.80,18.20,876900,0.00,0.00,0.00
2022-09-16,17.71,17.72,17.19,17.32,741000,0.00,0.00,0.00
2022-09-19,17.00,17.32,16.87,17.30,836700,0.00,0.00,0.00
2022-09-20,17.03,17.18,16.76,16.85,2043900,0.00,0.00,0.00
2022-09-21,16.87,17.39,16.52,16.53,857500,0.00,0.00,0.00
2022-09-22,16.52,16.64,15.74,15.81,1060100,0.00,0.00,0.00
2022-09-23,15.61,15.77,15.21,15.48,943900,0.00,0.00,0.00
2022-09-26,15.47,15.93,15.23,15.26,722700,0.00,0.00,0.00
2022-09-27,15.75,16.03,15.23,15.49,796500,0.00,0.00,0.00
2022-09-28,15.45,16.26,15.42,16.18,1021300,0.00,0.00,0.00
2022-09-29,15.70,15.80,15.16,15.37,1278400,0.00,0.00,0.00
2022-09-30,15.28,16.00,15.26,15.39,648400,0.00,0.00,0.00
2022-10-03,15.60,15.94,15.20,15.77,816300,0.00,0.00,0.00
2022-10-04,16.38,17.19,16.38,17.15,1458900,0.00,0.00,0.00
2022-10-05,16.70,17.08,16.45,16.92,897200,0.00,0.00,0.00
2022-10-06,16.86,17.27,16.66,16.83,644600,0.00,0.00,0.00
2022-10-07,16.37,16.46,15.82,15.93,902900,0.00,0.00,0.00
2022-10-10,16.02,16.02,15.25,15.46,1158600,0.00,0.00,0.00
2022-10-11,15.42,15.57,14.72,15.14,1117800,0.00,0.00,0.00
2022-10-12,15.06,15.35,14.77,15.30,1260900,0.00,0.00,0.00
2022-10-13,14.50,15.43,14.19,15.22,1360300,0.00,0.00,0.00
2022-10-14,15.48,15.74,14.45,14.45,850600,0.00,0.00,0.00
2022-10-17,15.09,15.68,15.06,15.52,1134900,0.00,0.00,0.00
2022-10-18,16.14,16.27,15.38,15.64,909600,0.00,0.00,0.00
2022-10-19,15.48,15.59,15.02,15.13,576500,0.00,0.00,0.00
2022-10-20,15.09,15.78,15.08,15.20,530600,0.00,0.00,0.00
2022-10-21,15.11,15.56,14.80,15.54,679100,0.00,0.00,0.00
2022-10-24,15.48,15.49,14.84,15.40,996300,0.00,0.00,0.00
2022-10-25,15.51,16.38,15.51,16.34,836800,0.00,0.00,0.00
2022-10-26,16.07,16.86,16.00,16.17,1120100,0.00,0.00,0.00
2022-10-27,16.39,16.84,16.30,16.48,815500,0.00,0.00,0.00
2022-10-28,16.43,16.76,16.14,16.76,1069200,0.00,0.00,0.00
2022-10-31,16.64,16.98,16.54,16.67,849000,0.00,0.00,0.00
2022-11-01,17.14,17.32,16.63,16.66,1011000,0.00,0.00,0.00
2022-11-02,16.62,16.81,15.70,15.74,1032000,0.00,0.00,0.00
2022-11-03,15.43,16.24,15.41,15.73,1079300,0.00,0.00,0.00
2022-11-04,15.90,16.03,14.92,15.26,1265900,0.00,0.00,0.00
2022-11-07,15.49,15.62,15.16,15.36,684200,0.00,0.00,0.00
2022-11-08,15.30,15.71,14.71,15.07,1165900,0.00,0.00,0.00
2022-11-09,14.76,14.76,14.09,14.13,1640000,0.00,0.00,0.00
2022-11-10,15.44,15.94,15.14,15.86,1749200,0.00,0.00,0.00
2022-11-11,15.74,17.10,15.62,16.97,2199700,0.00,0.00,0.00
2022-11-14,16.72,16.83,16.33,16.49,1127200,0.00,0.00,0.00
2022-11-15,17.21,17.47,16.91,17.06,1203700,0.00,0.00,0.00
2022-11-16,16.75,16.87,16.13,16.23,1721300,0.00,0.00,0.00
2022-11-17,15.78,16.06,15.52,15.89,503200,0.00,0.00,0.00
2022-11-18,16.19,16.19,15.53,15.63,713300,0.00,0.00,0.00
2022-11-21,15.49,15.49,14.84,15.04,1404100,0.00,0.00,0.00
2022-11-22,15.09,15.30,14.80,15.26,1014200,0.00,0.00,0.00
2022-11-23,15.34,15.79,15.18,15.74,782600,0.00,0.00,0.00
2022-11-25,15.66,15.66,15.50,15.60,1001200,0.00,0.00,0.00
2022-11-28,15.52,15.89,15.25,15.29,627100,0.00,0.00,0.00
2022-11-29,15.39,15.63,15.15,15.19,534600,0.00,0.00,0.00
2022-11-30,15.29,16.25,15.24,16.23,1344000,0.00,0.00,0.00
2022-12-01,16.37,16.54,16.05,16.42,756200,0.00,0.00,0.00
2022-12-02,16.07,16.61,16.07,16.56,604700,0.00,0.00,0.00
2022-12-05,16.42,16.58,15.57,15.65,576900,0.00,0.00,0.00
2022-12-06,15.66,15.68,15.06,15.19,712900,0.00,0.00,0.00
2022-12-07,15.04,15.24,14.89,15.03,1228100,0.00,0.00,0.00
2022-12-08,15.18,15.57,14.88,15.42,860600,0.00,0.00,0.00
2022-12-09,15.30,15.61,15.23,15.26,613500,0.00,0.00,0.00
2022-12-12,15.19,15.50,15.11,15.50,538700,0.00,0.00,0.00
2022-12-13,16.47,16.74,15.46,15.60,1117500,0.00,0.00,0.00
2022-12-14,15.57,15.93,15.38,15.59,1007200,0.00,0.00,0.00
2022-12-15,15.15,15.30,14.76,14.81,996100,0.00,0.00,0.00
2022-12-16,14.73,14.85,14.37,14.58,673100,0.00,0.00,0.00
2022-12-19,14.55,14.62,14.22,14.27,543800,0.00,0.00,0.00
2022-12-20,14.18,14.61,14.10,14.29,481500,0.00,0.00,0.00
2022-12-21,14.41,14.64,14.19,14.47,757200,0.00,0.00,0.00
2022-12-22,14.33,14.33,13.69,14.04,1108200,0.00,0.00,0.00
2022-12-23,14.00,14.09,13.76,13.99,869100,0.00,0.00,0.00
2022-12-27,13.85,13.91,13.50,13.69,773400,0.00,0.00,0.00
2022-12-28,13.66,13.80,13.51,13.59,718000,0.00,0.00,0.00
2022-12-29,13.79,14.32,13.74,14.28,937400,0.00,0.00,0.00
2022-12-30,14.01,14.30,13.94,14.27,829700,0.00,0.00,0.00
2023-01-03,14.61,14.81,14.01,14.17,692100,0.00,0.00,0.00
2023-01-04,14.41,14.91,14.31,14.79,1427800,0.00,0.00,0.00
2023-01-05,14.40,14.43,14.06,14.20,507200,0.00,0.00,0.00
2023-01-06,14.21,14.55,13.82,14.45,419300,0.00,0.00,0.00
2023-01-09,14.70,15.26,14.70,14.97,652100,0.00,0.00,0.00
2023-01-10,14.92,15.27,14.81,15.24,667700,0.00,0.00,0.00
2023-01-11,15.30,15.50,15.10,15.50,475600,0.00,0.00,0.00
2023-01-12,15.60,15.95,15.09,15.94,1124700,0.00,0.00,0.00
2023-01-13,15.66,16.39,15.66,16.34,1077600,0.00,0.00,0.00
2023-01-17,16.41,16.83,16.19,16.80,1075300,0.00,0.00,0.00
2023-01-18,16.93,17.20,16.35,16.37,897500,0.00,0.00,0.00
2023-01-19,16.05,16.25,15.80,15.99,466800,0.00,0.00,0.00
2023-01-20,16.11,16.88,16.01,16.83,1198400,0.00,0.00,0.00
2023-01-23,16.93,17.55,16.86,17.54,1404000,0.00,0.00,0.00
2023-01-24,17.21,17.69,17.19,17.26,998700,0.00,0.00,0.00
2023-01-25,16.97,17.60,16.66,17.54,1281500,0.00,0.00,0.00
2023-01-26,17.96,18.13,17.44,17.88,1752000,0.00,0.00,0.00
2023-01-27,17.78,18.82,17.78,18.69,1464400,0.00,0.00,0.00
2023-01-30,18.36,18.52,17.85,17.88,1032000,0.00,0.00,0.00
2023-01-31,18.00,18.49,17.97,18.44,1732200,0.00,0.00,0.00
2023-02-01,18.43,19.44,18.27,19.37,1511700,0.00,0.00,0.00
2023-02-02,20.01,21.08,19.99,20.70,2585100,0.00,0.00,0.00
2023-02-03,19.66,20.74,19.56,19.73,2042800,0.00,0.00,0.00
2023-02-06,19.33,19.65,19.17,19.39,852800,0.00,0.00,0.00
2023-02-07,19.37,19.64,18.83,19.54,1880600,0.00,0.00,0.00
2023-02-08,19.33,19.65,18.99,19.00,877400,0.00,0.00,0.00
2023-02-09,19.30,19.31,18.16,18.24,1498700,0.00,0.00,0.00
2023-02-10,17.93,18.19,17.65,17.78,753200,0.00,0.00,0.00
2023-02-13,17.92,18.17,17.68,18.05,984900,0.00,0.00,0.00
2023-02-14,18.00,18.70,17.73,18.49,1145800,0.00,0.00,0.00
2023-02-15,18.54,19.61,18.52,19.60,1210600,0.00,0.00,0.00
2023-02-16,19.09,19.51,18.71,18.77,1742400,0.00,0.00,0.00
2023-02-17,18.75,18.86,18.22,18.54,886400,0.00,0.00,0.00
2023-02-21,18.12,18.47,17.79,17.79,943700,0.00,0.00,0.00
2023-02-22,17.91,18.32,17.67,17.98,961700,0.00,0.00,0.00
2023-02-23,18.34,18.34,17.56,18.02,1377100,0.00,0.00,0.00
2023-02-24,17.67,17.78,17.40,17.59,1104000,0.00,0.00,0.00
2023-02-27,17.83,17.83,17.55,17.66,601500,0.00,0.00,0.00
2023-02-28,17.77,18.20,17.66,17.99,408000,0.00,0.00,0.00
2023-03-01,18.00,18.08,17.66,17.75,559500,0.00,0.00,0.00
2023-03-02,17.43,18.05,17.27,18.00,1055900,0.00,0.00,0.00
2023-03-03,18.03,18.54,18.02,18.49,698600,0.00,0.00,0.00
2023-03-06,18.50,18.93,18.37,18.37,549900,0.00,0.00,0.00
2023-03-07,18.37,18.57,18.07,18.11,488900,0.00,0.00,0.00
2023-03-08,18.06,18.35,17.88,18.27,749800,0.00,0.00,0.00
2023-03-09,18.26,18.57,17.45,17.51,1077400,0.00,0.00,0.00
2023-03-10,17.36,17.41,16.57,16.81,1924900,0.00,0.00,0.00
2023-03-13,16.49,17.33,16.19,17.03,2796500,0.00,0.00,0.00
2023-03-14,17.58,17.76,17.29,17.53,1261300,0.00,0.00,0.00
2023-03-15,17.13,17.60,17.12,17.60,949400,0.00,0.00,0.00
2023-03-16,17.69,18.22,17.52,18.16,865600,0.00,0.00,0.00
2023-03-17,18.11,18.30,17.86,18.17,531900,0.00,0.00,0.00
2023-03-20,18.20,18.21,17.74,17.96,1061600,0.00,0.00,0.00
2023-03-21,18.17,18.99,18.17,18.90,924500,0.00,0.00,0.00
2023-03-22,18.95,19.02,18.13,18.13,916600,0.00,0.00,0.00
2023-03-23,17.61,18.24,17.41,17.66,1158900,0.00,0.00,0.00
2023-03-24,17.43,17.61,17.27,17.55,551000,0.00,0.00,0.00
2023-03-27,17.79,17.84,17.32,17.56,474000,0.00,0.00,0.00
2023-03-28,17.56,17.62,17.31,17.43,334100,0.00,0.00,0.00
2023-03-29,17.71,18.09,17.67,18.05,583100,0.00,0.00,0.00
2023-03-30,18.38,18.47,18.08,18.20,422500,0.00,0.00,0.00
2023-03-31,18.32,18.90,18.22,18.81,638800,0.00,0.00,0.00
2023-04-03,18.62,18.63,18.22,18.52,865600,0.00,0.00,0.00
2023-04-04,18.62,18.75,18.37,18.55,726200,0.00,0.00,0.00
2023-04-05,18.36,18.36,17.76,17.89,789000,0.00,0.00,0.00
2023-04-06,17.69,18.09,17.51,18.04,719500,0.00,0.00,0.00
2023-04-10,17.76,18.15,17.63,18.12,370400,0.00,0.00,0.00
2023-04-11,18.20,18.47,18.15,18.38,334600,0.00,0.00,0.00
2023-04-12,18.73,18.85,18.02,18.03,772100,0.00,0.00,0.00
2023-04-13,18.31,18.66,18.29,18.50,625500,0.00,0.00,0.00
2023-04-14,18.46,18.66,18.20,18.44,440400,0.00,0.00,0.00
2023-04-17,18.27,18.50,18.20,18.50,447500,0.00,0.00,0.00
2023-04-18,18.72,18.79,18.55,18.62,605600,0.00,0.00,0.00
2023-04-19,18.40,18.59,18.23,18.51,337700,0.00,0.00,0.00
2023-04-20,18.30,18.49,18.12,18.17,421400,0.00,0.00,0.00
2023-04-21,18.16,18.27,18.07,18.25,594100,0.00,0.00,0.00
2023-04-24,18.23,18.36,17.78,17.93,737600,0.00,0.00,0.00
2023-04-25,17.88,17.88,17.43,17.46,419300,0.00,0.00,0.00
2023-04-26,17.72,17.75,17.21,17.25,592400,0.00,0.00,0.00
2023-04-27,17.50,17.62,17.30,17.53,281900,0.00,0.00,0.00
2023-04-28,17.42,17.68,17.22,17.63,583700,0.00,0.00,0.00
2023-05-01,17.56,17.73,17.39,17.49,851100,0.00,0.00,0.00
2023-05-02,17.39,17.43,16.97,17.10,651500,0.00,0.00,0.00
2023-05-03,17.07,17.39,16.93,16.97,532700,0.00,0.00,0.00
2023-05-04,17.35,17.75,17.33,17.48,678300,0.00,0.00,0.00
2023-05-05,17.98,18.56,17.98,18.52,618500,0.00,0.00,0.00
2023-05-08,18.49,18.87,18.44,18.83,729300,0.00,0.00,0.00
2023-05-09,18.62,18.83,18.57,18.79,270400,0.00,0.00,0.00
2023-05-10,18.90,19.08,18.67,18.84,941000,0.00,0.00,0.00
2023-05-11,18.76,18.83,18.58,18.76,385700,0.00,0.00,0.00
2023-05-12,18.78,18.78,18.14,18.25,1021400,0.00,0.00,0.00
2023-05-15,18.24,18.70,18.15,18.62,1047400,0.00,0.00,0.00
2023-05-16,18.41,18.51,18.20,18.21,625900,0.00,0.00,0.00
2023-05-17,18.30,18.72,18.19,18.68,731000,0.00,0.00,0.00
2023-05-18,18.63,18.97,18.58,18.91,1239000,0.00,0.00,0.00
2023-05-19,18.85,18.95,18.63,18.71,699100,0.00,0.00,0.00
2023-05-22,18.70,19.59,18.68,19.46,857200,0.00,0.00,0.00
2023-05-23,19.35,19.73,19.06,19.08,1156000,0.00,0.00,0.00
2023-05-24,18.75,19.12,18.66,19.02,399200,0.00,0.00,0.00
2023-05-25,19.22,19.22,18.56,18.64,645400,0.00,0.00,0.00
2023-05-26,18.67,19.06,18.65,18.86,1560400,0.00,0.00,0.00
2023-05-30,19.22,19.54,18.95,19.09,1622400,0.00,0.00,0.00
2023-05-31,18.95,19.46,18.95,19.45,460900,0.00,0.00,0.00
2023-06-01,19.31,19.89,19.12,19.66,570600,0.00,0.00,0.00
2023-06-02,19.96,20.10,19.60,19.93,721700,0.00,0.00,0.00
2023-06-05,19.81,20.06,19.74,19.99,399300,0.00,0.00,0.00
2023-06-06,19.63,20.28,19.54,20.22,513300,0.00,0.00,0.00
2023-06-07,20.36,20.61,19.73,19.80,665200,0.00,0.00,0.00
2023-06-08,19.70,20.02,19.65,19.94,364300,0.00,0.00,0.00
2023-06-09,20.03,20.37,19.78,19.86,510300,0.00,0.00,0.00
2023-06-12,19.88,20.23,19.83,20.18,614900,0.00,0.00,0.00
2023-06-13,20.50,20.56,20.22,20.44,432700,0.00,0.00,0.00
2023-06-14,20.42,20.68,20.12,20.44,442400,0.00,0.00,0.00
2023-06-15,20.29,20.76,20.16,20.65,557900,0.00,0.00,0.00
2023-06-16,20.75,20.85,20.41,20.50,392500,0.00,0.00,0.00
2023-06-20,20.39,20.71,20.16,20.51,450700,0.00,0.00,0.00
2023-06-21,20.44,20.54,19.98,20.14,374200,0.00,0.00,0.00
2023-06-22,20.03,20.13,19.82,20.08,533700,0.00,0.00,0.00
2023-06-23,19.75,20.11,19.58,20.00,568400,0.00,0.00,0.00
2023-06-26,19.93,20.43,19.86,19.90,708700,0.00,0.00,0.00
2023-06-27,20.03,20.65,20.03,20.61,545200,0.00,0.00,0.00
2023-06-28,20.53,21.16,20.49,20.89,586900,0.00,0.00,0.00
2023-06-29,20.87,21.04,20.61,20.72,407600,0.00,0.00,0.00
2023-06-30,21.04,21.05,20.79,20.91,389100,0.00,0.00,0.00
2023-07-03,20.98,21.36,20.98,21.30,281000,0.00,0.00,0.00
2023-07-05,21.12,21.44,20.92,21.36,761900,0.00,0.00,0.00
2023-07-06,20.97,21.01,20.34,20.59,665100,0.00,0.00,0.00
2023-07-07,20.68,21.18,20.68,20.91,718000,0.00,0.00,0.00
2023-07-10,20.84,21.42,20.70,21.41,434300,0.00,0.00,0.00
2023-07-11,21.52,22.28,21.48,22.15,762300,0.00,0.00,0.00
2023-07-12,22.59,22.69,22.15,22.46,791600,0.00,0.00,0.00
2023-07-13,22.67,23.95,22.67,23.85,1276000,0.00,0.00,0.00
2023-07-14,23.96,24.21,23.16,23.36,908200,0.00,0.00,0.00
2023-07-17,23.28,23.86,23.13,23.73,536900,0.00,0.00,0.00
2023-07-18,23.78,23.96,23.59,23.82,487200,0.00,0.00,0.00
2023-07-19,23.91,24.21,23.66,23.95,694800,0.00,0.00,0.00
2023-07-20,23.71,23.82,22.94,23.01,1295300,0.00,0.00,0.00
2023-07-21,23.27,23.39,22.87,23.07,413200,0.00,0.00,0.00
2023-07-24,23.04,23.18,22.71,22.94,334900,0.00,0.00,0.00
2023-07-25,23.00,23.25,22.86,22.86,367800,0.00,0.00,0.00
2023-07-26,22.86,23.30,22.78,23.18,697300,0.00,0.00,0.00
2023-07-27,23.62,23.74,22.58,22.65,642900,0.00,0.00,0.00
2023-07-28,23.11,23.68,23.11,23.66,528300,0.00,0.00,0.00
2023-07-31,23.82,24.20,23.76,24.20,799900,0.00,0.00,0.00
2023-08-01,23.92,23.94,23.42,23.82,537200,0.00,0.00,0.00
2023-08-02,23.34,23.34,22.39,22.58,1278600,0.00,0.00,0.00
2023-08-03,22.36,22.60,22.27,22.39,764000,0.00,0.00,0.00
2023-08-04,22.55,22.63,21.90,21.95,531300,0.00,0.00,0.00
2023-08-07,22.11,22.11,21.66,22.07,554400,0.00,0.00,0.00
2023-08-08,21.73,21.78,21.43,21.73,696500,0.00,0.00,0.00
2023-08-09,21.80,21.81,21.19,21.21,615700,0.00,0.00,0.00
2023-08-10,21.48,21.78,21.07,21.20,577100,0.00,0.00,0.00
2023-08-11,20.96,21.22,20.89,21.06,555900,0.00,0.00,0.00
2023-08-14,20.89,21.19,20.77,21.16,672700,0.00,0.00,0.00
2023-08-15,21.02,21.09,20.74,20.77,885900,0.00,0.00,0.00
2023-08-16,20.74,20.82,20.46,20.50,950500,0.00,0.00,0.00
2023-08-17,20.36,20.36,19.56,19.56,1401800,0.00,0.00,0.00
2023-08-18,19.14,19.76,19.06,19.66,702500,0.00,0.00,0.00
2023-08-21,19.71,19.91,19.51,19.87,499800,0.00,0.00,0.00
2023-08-22,20.09,20.12,19.70,19.79,512000,0.00,0.00,0.00
2023-08-23,19.82,20.32,19.82,20.28,463900,0.00,0.00,0.00
2023-08-24,20.37,20.37,19.61,19.64,690800,0.00,0.00,0.00
2023-08-25,19.67,20.06,19.50,19.94,798600,0.00,0.00,0.00
2023-08-28,20.02,20.11,19.89,19.96,277900,0.00,0.00,0.00
2023-08-29,19.90,20.86,19.83,20.82,1024700,0.00,0.00,0.00
2023-08-30,20.69,21.03,20.65,20.98,304500,0.00,0.00,0.00
2023-08-31,21.20,21.29,20.95,21.07,298500,0.00,0.00,0.00
2023-09-01,21.26,21.43,21.12,21.24,372200,0.00,0.00,0.00
2023-09-05,21.05,21.26,20.95,21.22,311600,0.00,0.00,0.00
2023-09-06,21.15,21.47,21.03,21.17,273800,0.00,0.00,0.00
2023-09-07,20.86,21.35,20.76,21.34,492400,0.00,0.00,0.00
2023-09-08,21.29,21.43,21.03,21.11,295300,0.00,0.00,0.00
2023-09-11,21.24,21.42,21.06,21.35,399300,0.00,0.00,0.00
2023-09-12,21.27,21.63,21.16,21.17,470800,0.00,0.00,0.00
2023-09-13,21.10,21.14,20.76,20.86,487100,0.00,0.00,0.00
2023-09-14,20.98,21.08,20.75,20.92,459800,0.00,0.00,0.00
2023-09-15,20.80,20.88,20.52,20.64,351500,0.00,0.00,0.00
2023-09-18,20.56,20.62,20.35,20.36,550800,0.00,0.00,0.00
2023-09-19,20.24,20.27,19.81,19.96,569300,0.00,0.00,0.00
2023-09-20,20.08,20.26,19.64,19.65,392900,0.00,0.00,0.00
2023-09-21,19.25,19.33,18.97,18.98,728400,0.00,0.00,0.00
2023-09-22,19.17,19.28,18.77,18.80,272900,0.00,0.00,0.00
2023-09-25,18.65,18.93,18.62,18.89,354500,0.00,0.00,0.00
2023-09-26,18.78,19.00,18.57,18.60,312700,0.00,0.00,0.00
2023-09-27,18.81,18.97,18.57,18.81,443000,0.00,0.00,0.00
2023-09-28,18.71,19.31,18.63,19.15,389500,0.00,0.00,0.00
2023-09-29,19.44,19.67,19.28,19.36,278600,0.00,0.00,0.00
2023-10-02,19.39,19.57,19.09,19.19,660000,0.00,0.00,0.00
2023-10-03,18.99,19.16,18.42,18.50,1290200,0.00,0.00,0.00
2023-10-04,18.64,18.91,18.47,18.86,732100,0.00,0.00,0.00
2023-10-05,18.81,18.89,18.50,18.85,371800,0.00,0.00,0.00
2023-10-06,18.58,19.49,18.58,19.44,563500,0.00,0.00,0.00
2023-10-09,19.09,19.42,19.03,19.33,472800,0.00,0.00,0.00
2023-10-10,19.35,19.98,19.35,19.72,660700,0.00,0.00,0.00
2023-10-11,19.87,19.98,19.46,19.65,534700,0.00,0.00,0.00
2023-10-12,19.66,19.69,19.07,19.22,323400,0.00,0.00,0.00
2023-10-13,19.18,19.20,18.62,18.73,505500,0.00,0.00,0.00
2023-10-16,18.91,19.25,18.70,19.18,331300,0.00,0.00,0.00
2023-10-17,18.94,19.57,18.90,19.45,580100,0.00,0.00,0.00
2023-10-18,19.24,19.37,18.73,18.77,541700,0.00,0.00,0.00
2023-10-19,18.84,19.05,18.56,18.60,519400,0.00,0.00,0.00
2023-10-20,18.58,18.69,18.25,18.41,325600,0.00,0.00,0.00
2023-10-23,18.27,18.81,18.08,18.51,593100,0.00,0.00,0.00
2023-10-24,18.82,19.38,18.82,18.98,633700,0.00,0.00,0.00
2023-10-25,18.70,18.70,17.93,17.97,606700,0.00,0.00,0.00
2023-10-26,18.00,18.16,17.47,17.65,755500,0.00,0.00,0.00
2023-10-27,17.86,17.86,17.37,17.39,436600,0.00,0.00,0.00
2023-10-30,17.62,17.74,17.41,17.64,267400,0.00,0.00,0.00
2023-10-31,17.71,18.12,17.59,18.06,155600,0.00,0.00,0.00
2023-11-01,18.11,18.20,17.79,18.18,394400,0.00,0.00,0.00
2023-11-02,19.06,19.44,19.06,19.43,561600,0.00,0.00,0.00
2023-11-03,19.73,20.25,19.66,20.12,534000,0.00,0.00,0.00
2023-11-06,20.16,20.24,19.67,19.93,383600,0.00,0.00,0.00
2023-11-07,20.02,20.38,19.92,20.36,541400,0.00,0.00,0.00
2023-11-08,20.24,20.46,19.95,20.42,1033600,0.00,0.00,0.00
2023-11-09,20.58,20.85,20.08,20.16,438100,0.00,0.00,0.00
2023-11-10,20.20,20.49,20.14,20.44,419600,0.00,0.00,0.00
2023-11-13,20.35,20.70,20.24,20.69,296900,0.00,0.00,0.00
2023-11-14,21.18,21.62,21.18,21.56,561700,0.00,0.00,0.00
2023-11-15,21.39,21.90,21.35,21.62,522200,0.00,0.00,0.00
2023-11-16,21.47,21.58,21.20,21.47,262100,0.00,0.00,0.00
2023-11-17,21.54,21.86,21.46,21.84,246000,0.00,0.00,0.00
2023-11-20,21.83,22.33,21.83,22.23,383400,0.00,0.00,0.00
2023-11-21,22.03,22.18,21.80,21.99,297000,0.00,0.00,0.00
2023-11-22,22.14,22.35,21.96,22.28,319200,0.00,0.00,0.00
2023-11-24,22.25,22.67,22.25,22.55,223000,0.00,0.00,0.00
2023-11-27,22.50,23.10,22.50,23.00,708600,0.00,0.00,0.00
2023-11-28,22.99,23.56,22.87,23.51,680000,0.00,0.00,0.00
2023-11-29,23.81,24.04,23.68,23.75,559000,0.00,0.00,0.00
2023-11-30,23.79,23.80,23.27,23.51,465000,0.00,0.00,0.00
2023-12-01,23.69,24.66,23.68,24.64,660300,0.00,0.00,0.00
2023-12-04,24.60,24.89,24.37,24.72,1523100,0.00,0.00,0.00
2023-12-05,24.53,24.94,24.47,24.76,473800,0.00,0.00,0.00
2023-12-06,24.97,25.11,24.48,24.50,571000,0.00,0.00,0.00
2023-12-07,24.37,24.69,24.27,24.60,420500,0.00,0.00,0.00
2023-12-08,24.53,25.20,24.51,25.19,437400,0.00,0.00,0.00
2023-12-11,24.99,25.17,24.81,25.13,1109800,0.00,0.00,0.00
2023-12-12,25.10,25.24,24.85,25.21,393700,0.00,0.00,0.00
2023-12-13,25.20,26.00,24.90,25.97,764000,0.00,0.00,0.00
2023-12-14,26.41,26.81,26.25,26.63,944700,0.00,0.00,0.00
2023-12-15,26.57,26.63,26.12,26.31,820000,0.00,0.00,0.00
2023-12-18,26.27,26.95,26.13,26.82,956800,0.00,0.00,0.00
2023-12-19,27.00,27.60,26.95,27.58,897400,0.00,0.00,0.00
2023-12-20,27.51,27.83,26.81,26.84,1072000,0.00,0.00,0.00
2023-12-21,27.25,27.44,27.01,27.37,825300,0.00,0.00,0.00
2023-12-22,27.55,27.80,27.41,27.68,688700,0.00,0.00,0.00
2023-12-26,27.68,27.96,27.60,27.83,673100,0.00,0.00,0.00
2023-12-27,27.91,28.39,27.91,28.34,772700,0.00,0.00,0.00
2023-12-28,28.17,28.43,28.10,28.31,719500,0.00,0.00,0.00
2023-12-29,28.25,28.36,27.48,27.58,640400,0.00,0.00,0.00
2024-01-02,27.16,27.20,26.17,26.33,1508700,0.00,0.00,0.00
2024-01-03,25.48,25.82,25.33,25.40,1878800,0.00,0.00,0.00
2024-01-04,25.33,25.83,25.09,25.58,604600,0.00,0.00,0.00
2024-01-05,25.40,25.95,25.36,25.63,467600,0.00,0.00,0.00
2024-01-08,25.87,26.51,25.86,26.48,704300,0.00,0.00,0.00
2024-01-09,26.34,26.56,26.15,26.32,463300,0.00,0.00,0.00
2024-01-10,26.38,26.44,25.84,26.26,971000,0.00,0.00,0.00
2024-01-11,26.57,26.69,25.49,25.97,986700,0.00,0.00,0.00
2024-01-12,25.92,26.25,25.57,25.57,680900,0.00,0.00,0.00
2024-01-16,25.28,25.63,25.05,25.41,754400,0.00,0.00,0.00
2024-01-17,24.96,25.17,24.62,25.14,583000,0.00,0.00,0.00
2024-01-18,25.40,25.55,24.83,25.08,650700,0.00,0.00,0.00
2024-01-19,25.22,25.34,24.71,25.32,827400,0.00,0.00,0.00
2024-01-22,25.62,26.30,25.50,25.75,618300,0.00,0.00,0.00
2024-01-23,25.77,25.95,25.55,25.70,590300,0.00,0.00,0.00
2024-01-24,26.11,26.15,25.33,25.35,678000,0.00,0.00,0.00
2024-01-25,25.55,25.58,25.17,25.36,566200,0.00,0.00,0.00
2024-01-26,25.52,25.91,25.49,25.69,598000,0.00,0.00,0.00
2024-01-29,25.84,26.68,25.84,26.68,481800,0.00,0.00,0.00
2024-01-30,26.69,26.72,26.20,26.25,442600,0.00,0.00,0.00
2024-01-31,25.99,26.43,25.47,25.54,1328200,0.00,0.00,0.00
2024-02-01,25.75,26.01,25.34,25.81,517400,0.00,0.00,0.00
2024-02-02,25.82,26.43,25.65,26.39,870600,0.00,0.00,0.00
2024-02-05,26.21,26.25,25.42,25.70,597200,0.00,0.00,0.00
2024-02-06,25.80,26.12,25.68,26.05,712100,0.00,0.00,0.00
2024-02-07,26.17,26.60,25.96,26.53,604200,0.00,0.00,0.00
2024-02-08,26.80,27.47,26.80,27.30,668300,0.00,0.00,0.00
2024-02-09,27.75,27.90,27.50,27.77,518500,0.00,0.00,0.00
2024-02-12,27.78,28.33,27.76,28.03,466200,0.00,0.00,0.00
2024-02-13,26.71,27.26,26.43,26.79,572900,0.00,0.00,0.00
2024-02-14,27.50,28.15,27.45,28.13,397700,0.00,0.00,0.00
2024-02-15,28.25,28.43,28.03,28.29,464200,0.00,0.00,0.00
2024-02-16,28.44,28.80,28.10,28.17,424700,0.00,0.00,0.00
2024-02-20,27.85,27.93,27.07,27.48,517800,0.00,0.00,0.00
2024-02-21,26.69,26.81,26.28,26.46,579300,0.00,0.00,0.00
2024-02-22,27.08,27.20,26.86,27.05,503900,0.00,0.00,0.00
2024-02-23,27.30,27.60,27.06,27.31,378300,0.00,0.00,0.00
2024-02-26,27.36,28.09,27.36,28.00,595800,0.00,0.00,0.00
2024-02-27,28.31,28.50,28.05,28.39,589600,0.00,0.00,0.00
2024-02-28,28.39,28.81,28.23,28.37,462600,0.00,0.00,0.00
2024-02-29,28.72,28.93,28.31,28.68,433800,0.00,0.00,0.00
2024-03-01,28.70,28.91,28.42,28.87,453600,0.00,0.00,0.00
2024-03-04,29.07,29.41,28.77,29.13,614700,0.00,0.00,0.00
2024-03-05,28.82,28.93,27.90,28.08,746500,0.00,0.00,0.00
2024-03-06,28.69,29.03,28.37,28.84,582000,0.00,0.00,0.00
2024-03-07,29.13,29.37,28.92,29.31,390000,0.00,0.00,0.00
2024-03-08,29.48,30.49,29.47,29.69,573000,0.00,0.00,0.00
2024-03-11,29.86,30.09,29.61,29.63,366600,0.00,0.00,0.00
2024-03-12,29.79,29.94,29.20,29.84,339000,0.00,0.00,0.00
2024-03-13,29.74,30.54,29.74,30.08,394600,0.00,0.00,0.00
2024-03-14,30.22,30.28,29.10,29.40,586100,0.00,0.00,0.00
2024-03-15,29.12,29.55,29.01,29.17,539800,0.00,0.00,0.00
2024-03-18,29.19,29.37,28.88,29.23,359300,0.00,0.00,0.00
2024-03-19,28.77,29.14,28.40,29.05,468700,0.00,0.00,0.00
2024-03-20,29.03,30.21,29.03,30.20,604500,0.00,0.00,0.00
2024-03-21,30.47,30.92,30.34,30.49,316000,0.00,0.00,0.00
2024-03-22,30.22,30.43,29.96,30.03,253500,0.00,0.00,0.00
2024-03-25,30.06,30.61,30.06,30.51,270400,0.00,0.00,0.00
2024-03-26,30.76,30.86,30.44,30.46,264900,0.00,0.00,0.00
2024-03-27,30.92,30.99,30.01,30.24,690400,0.00,0.00,0.00
2024-03-28,30.33,30.59,30.24,30.33,211300,0.00,0.00,0.00
2024-04-01,30.30,30.40,29.80,29.88,564300,0.00,0.00,0.00
2024-04-02,29.10,29.50,28.85,29.46,611100,0.00,0.00,0.00
2024-04-03,29.32,29.72,29.25,29.51,287000,0.00,0.00,0.00
2024-04-04,29.86,30.02,29.06,29.08,399800,0.00,0.00,0.00
2024-04-05,28.90,29.44,28.85,29.25,440500,0.00,0.00,0.00
2024-04-08,29.55,29.75,29.37,29.59,381300,0.00,0.00,0.00
2024-04-09,29.60,29.76,29.17,29.50,367800,0.00,0.00,0.00
2024-04-10,28.81,29.34,28.78,29.09,422600,0.00,0.00,0.00
2024-04-11,29.22,29.58,28.84,29.54,395400,0.00,0.00,0.00
2024-04-12,29.14,29.21,28.39,28.52,702500,0.00,0.00,0.00
2024-04-15,28.67,28.72,27.42,27.46,582200,0.00,0.00,0.00
2024-04-16,27.48,27.71,27.06,27.52,636100,0.00,0.00,0.00
2024-04-17,27.68,27.82,27.01,27.22,444200,0.00,0.00,0.00
2024-04-18,27.32,27.74,27.04,27.15,499200,0.00,0.00,0.00
2024-04-19,27.17,27.37,26.52,26.68,601200,0.00,0.00,0.00
2024-04-22,26.96,27.35,26.68,27.16,518500,0.00,0.00,0.00
2024-04-23,27.35,28.27,27.28,28.19,731700,0.00,0.00,0.00
2024-04-24,28.23,28.36,27.59,27.72,457100,0.00,0.00,0.00
2024-04-25,26.71,27.45,26.59,27.35,338100,0.00,0.00,0.00
2024-04-26,27.40,27.89,27.30,27.89,454200,0.00,0.00,0.00
2024-04-29,27.84,28.05,27.39,27.60,523500,0.00,0.00,0.00
2024-04-30,27.40,27.51,26.77,26.79,475900,0.00,0.00,0.00
2024-05-01,26.51,27.58,26.49,26.87,398100,0.00,0.00,0.00
2024-05-02,27.27,27.62,26.76,27.60,408700,0.00,0.00,0.00
2024-05-03,28.32,28.45,27.67,27.76,381800,0.00,0.00,0.00
2024-05-06,28.00,28.49,28.00,28.46,240000,0.00,0.00,0.00
2024-05-07,28.31,28.52,28.12,28.19,309600,0.00,0.00,0.00
2024-05-08,27.68,27.80,27.43,27.69,360900,0.00,0.00,0.00
2024-05-09,27.55,27.65,27.28,27.54,248300,0.00,0.00,0.00
2024-05-10,27.72,27.80,27.01,27.05,447700,0.00,0.00,0.00
2024-05-13,27.26,27.48,27.09,27.14,344900,0.00,0.00,0.00
2024-05-14,27.18,27.75,27.17,27.52,338400,0.00,0.00,0.00
2024-05-15,28.00,28.27,27.82,28.26,335100,0.00,0.00,0.00
2024-05-16,28.13,28.24,27.75,27.78,439600,0.00,0.00,0.00
2024-05-17,27.95,28.17,27.78,28.10,237100,0.00,0.00,0.00
2024-05-20,28.15,28.51,27.99,28.49,238500,0.00,0.00,0.00
2024-05-21,28.44,28.44,28.06,28.09,196600,0.00,0.00,0.00
2024-05-22,28.08,28.28,27.74,27.92,310600,0.00,0.00,0.00
2024-05-23,28.13,28.13,27.09,27.26,565400,0.00,0.00,0.00
2024-05-24,27.30,27.73,27.22,27.64,295500,0.00,0.00,0.00
2024-05-28,27.47,27.62,27.17,27.62,270400,0.00,0.00,0.00
2024-05-29,27.23,27.35,27.08,27.24,233800,0.00,0.00,0.00
2024-05-30,26.92,27.01,26.67,26.79,324900,0.00,0.00,0.00
2024-05-31,26.94,27.06,26.15,26.67,370700,0.00,0.00,0.00
2024-06-03,26.93,27.07,26.47,26.80,319200,0.00,0.00,0.00
2024-06-04,26.69,27.04,26.69,26.92,725300,0.00,0.00,0.00
2024-06-05,27.18,27.39,26.88,27.37,442800,0.00,0.00,0.00
2024-06-06,27.38,27.89,27.38,27.78,301900,0.00,0.00,0.00
2024-06-07,27.61,27.89,27.32,27.39,295000,0.00,0.00,0.00
2024-06-10,27.24,27.83,27.24,27.70,263300,0.00,0.00,0.00
2024-06-11,27.45,27.62,27.20,27.58,331600,0.00,0.00,0.00
2024-06-12,28.11,28.39,27.97,28.05,648500,0.00,0.00,0.00
2024-06-13,28.11,28.14,27.46,27.57,387500,0.00,0.00,0.00
2024-06-14,27.50,27.65,27.35,27.58,353000,0.00,0.00,0.00
2024-06-17,27.40,27.86,27.21,27.75,339900,0.00,0.00,0.00
2024-06-18,27.64,27.91,27.59,27.66,236200,0.00,0.00,0.00
2024-06-20,27.68,27.86,27.38,27.70,470500,0.00,0.00,0.00
2024-06-21,27.54,27.61,27.25,27.58,279500,0.00,0.00,0.00
2024-06-24,27.40,27.63,27.03,27.16,323800,0.00,0.00,0.00
2024-06-25,27.25,27.53,27.14,27.51,327500,0.00,0.00,0.00
2024-06-26,27.37,27.60,27.37,27.51,215500,0.00,0.00,0.00
2024-06-27,27.53,27.91,27.50,27.85,363400,0.00,0.00,0.00
2024-06-28,27.93,28.02,27.69,27.86,345700,0.00,0.00,0.00
2024-07-01,27.97,28.07,27.60,27.92,365100,0.00,0.00,0.00
2024-07-02,27.77,27.98,27.70,27.92,264400,0.00,0.00,0.00
2024-07-03,27.84,28.13,27.84,28.04,235400,0.00,0.00,0.00
2024-07-05,27.76,28.22,27.62,28.18,315400,0.00,0.00,0.00
2024-07-08,28.26,28.30,27.93,27.99,264400,0.00,0.00,0.00
2024-07-09,28.07,28.10,27.79,27.92,237100,0.00,0.00,0.00
2024-07-10,28.00,28.08,27.52,27.82,443600,0.00,0.00,0.00
2024-07-11,28.13,28.33,27.66,27.80,704100,0.00,0.00,0.00
2024-07-12,27.98,28.36,27.96,28.24,406100,0.00,0.00,0.00
2024-07-15,28.60,29.16,28.48,29.04,1029200,0.00,0.00,0.00
2024-07-16,29.19,29.67,28.92,29.66,536400,0.00,0.00,0.00
2024-07-17,29.12,29.52,28.71,29.05,721800,0.00,0.00,0.00
2024-07-18,29.27,29.38,28.17,28.31,1851600,0.00,0.00,0.00
2024-07-19,28.22,28.80,28.12,28.69,1601600,0.00,0.00,0.00
2024-07-22,28.88,29.00,28.47,28.86,478500,0.00,0.00,0.00
2024-07-23,28.76,29.11,28.63,28.66,422500,0.00,0.00,0.00
2024-07-24,28.36,28.49,27.28,27.32,774800,0.00,0.00,0.00
2024-07-25,27.18,27.73,26.63,27.14,954600,0.00,0.00,0.00
2024-07-26,27.67,27.90,27.40,27.52,982100,0.00,0.00,0.00
2024-07-29,27.78,27.97,27.34,27.37,192100,0.00,0.00,0.00
2024-07-30,27.53,27.74,26.86,27.06,237900,0.00,0.00,0.00
2024-07-31,27.43,27.68,27.19,27.22,263000,0.00,0.00,0.00
2024-08-01,27.34,27.54,25.99,26.21,366300,0.00,0.00,0.00
2024-08-02,25.64,25.70,24.88,25.34,1369300,0.00,0.00,0.00
2024-08-05,22.98,24.78,22.85,24.38,1597100,0.00,0.00,0.00
2024-08-06,24.59,25.08,24.25,24.74,843100,0.00,0.00,0.00
2024-08-07,25.45,25.72,24.68,24.73,602400,0.00,0.00,0.00
2024-08-08,25.18,25.97,24.98,25.89,382300,0.00,0.00,0.00
2024-08-09,25.88,26.18,25.79,26.09,261000,0.00,0.00,0.00
2024-08-12,26.11,26.22,25.84,25.94,114300,0.00,0.00,0.00
2024-08-13,26.20,26.75,26.14,26.73,189500,0.00,0.00,0.00
2024-08-14,26.89,26.96,26.48,26.73,99400,0.00,0.00,0.00
2024-08-15,27.24,27.72,27.23,27.50,181900,0.00,0.00,0.00
2024-08-16,27.49,27.91,27.49,27.86,170400,0.00,0.00,0.00
2024-08-19,27.88,28.29,27.81,28.29,229100,0.00,0.00,0.00
2024-08-20,28.27,28.38,27.77,27.99,171600,0.00,0.00,0.00
2024-08-21,28.03,28.50,27.96,28.50,173400,0.00,0.00,0.00
2024-08-22,28.56,28.64,27.99,28.01,164100,0.00,0.00,0.00
2024-08-23,28.29,28.83,28.26,28.80,390700,0.00,0.00,0.00
2024-08-26,28.76,28.95,28.53,28.58,130700,0.00,0.00,0.00
2024-08-27,28.38,28.70,28.22,28.66,139400,0.00,0.00,0.00
2024-08-28,28.46,28.52,27.72,27.95,266400,0.00,0.00,0.00
2024-08-29,28.11,28.65,28.11,28.17,243200,0.00,0.00,0.00
2024-08-30,28.31,28.47,27.97,28.30,176000,0.00,0.00,0.00
2024-09-03,27.98,28.08,27.20,27.33,204100,0.00,0.00,0.00
2024-09-04,27.06,27.59,26.98,27.20,304200,0.00,0.00,0.00
2024-09-05,27.10,27.50,27.00,27.29,110800,0.00,0.00,0.00
2024-09-06,27.46,27.56,26.19,26.33,242200,0.00,0.00,0.00
2024-09-09,26.74,27.15,26.69,26.99,174200,0.00,0.00,0.00
2024-09-10,27.10,27.14,26.60,27.13,152900,0.00,0.00,0.00
2024-09-11,27.01,27.76,26.69,27.74,133200,0.00,0.00,0.00
2024-09-12,27.83,28.29,27.64,28.23,204000,0.00,0.00,0.00
2024-09-13,28.25,28.61,28.25,28.43,316300,0.00,0.00,0.00
2024-09-16,28.34,28.64,28.18,28.56,186000,0.00,0.00,0.00
2024-09-17,28.84,29.06,28.68,28.84,155600,0.00,0.00,0.00
2024-09-18,28.83,29.43,28.72,28.87,206600,0.00,0.00,0.00
2024-09-19,29.64,29.77,29.37,29.51,318000,0.00,0.00,0.00
2024-09-20,29.46,29.61,29.12,29.53,142800,0.00,0.00,0.00
2024-09-23,29.68,29.83,29.60,29.66,338500,0.00,0.00,0.00
2024-09-24,29.76,29.91,29.38,29.89,335900,0.00,0.00,0.00
2024-09-25,29.88,29.97,29.61,29.61,304200,0.00,0.00,0.00
2024-09-26,30.02,30.10,29.51,29.90,377400,0.00,0.00,0.00
2024-09-27,30.05,30.15,29.90,30.05,184000,0.00,0.00,0.00
2024-09-30,29.86,30.04,29.60,29.82,351900,0.00,0.00,0.00
2024-10-01,29.85,29.90,28.98,29.20,589700,0.00,0.00,0.00
2024-10-02,29.07,29.24,28.89,29.13,522500,0.00,0.00,0.00
2024-10-03,28.89,29.20,28.87,29.11,252900,0.00,0.00,0.00
2024-10-04,29.63,29.85,29.25,29.84,289700,0.00,0.00,0.00
2024-10-07,29.72,29.81,29.30,29.47,340100,0.00,0.00,0.00
2024-10-08,29.46,30.02,29.43,29.99,349800,0.00,0.00,0.00
2024-10-09,29.96,30.25,29.94,30.19,331000,0.00,0.00,0.00
2024-10-10,29.93,30.33,29.82,30.16,358200,0.00,0.00,0.00
2024-10-11,30.12,30.72,30.12,30.63,213400,0.00,0.00,0.00
2024-10-14,30.90,31.29,30.72,31.25,295000,0.00,0.00,0.00
2024-10-15,31.27,31.47,30.68,31.14,186800,0.00,0.00,0.00
2024-10-16,31.24,31.38,30.96,31.36,572000,0.00,0.00,0.00
2024-10-17,31.50,31.50,30.99,31.16,228700,0.00,0.00,0.00
2024-10-18,31.39,31.92,31.39,31.90,558900,0.00,0.00,0.00
2024-10-21,31.77,31.82,31.37,31.68,394500,0.00,0.00,0.00
2024-10-22,31.40,31.65,31.40,31.57,384200,0.00,0.00,0.00
2024-10-23,31.44,31.51,30.63,30.88,291700,0.00,0.00,0.00
2024-10-24,31.27,31.50,31.07,31.42,289900,0.00,0.00,0.00
2024-10-25,31.58,31.80,31.22,31.32,386400,0.00,0.00,0.00
2024-10-28,31.66,31.98,31.66,31.91,252700,0.00,0.00,0.00
2024-10-29,31.85,32.14,31.58,31.95,303700,0.00,0.00,0.00
2024-10-30,31.96,32.37,31.82,32.06,267200,0.00,0.00,0.00
2024-10-31,31.75,31.78,30.84,30.87,272000,0.00,0.00,0.00
2024-11-01,30.90,31.36,30.82,30.99,346700,0.00,0.00,0.00
2024-11-04,30.87,31.17,30.78,30.93,174300,0.00,0.00,0.00
2024-11-05,31.14,31.92,31.14,31.83,238600,0.00,0.00,0.00
2024-11-06,33.06,33.96,32.76,33.95,680300,0.00,0.00,0.00
2024-11-07,33.86,34.37,33.77,34.21,542800,0.00,0.00,0.00
2024-11-08,34.28,34.92,34.06,34.91,578900,0.00,0.00,0.00
2024-11-11,35.80,37.30,35.80,37.14,1758600,0.00,0.00,0.00
2024-11-12,37.30,38.24,37.30,37.96,969600,0.00,0.00,0.00
2024-11-13,38.23,38.70,37.38,37.59,661500,0.00,0.00,0.00
2024-11-14,37.56,37.61,36.85,36.91,588400,0.00,0.00,0.00
2024-11-15,36.63,37.03,36.26,37.00,789200,0.00,0.00,0.00
2024-11-18,37.08,37.87,36.76,37.73,651600,0.00,0.00,0.00
2024-11-19,37.31,38.23,37.31,38.23,307900,0.00,0.00,0.00
2024-11-20,38.50,38.82,37.69,38.13,399800,0.00,0.00,0.00
2024-11-21,38.52,38.81,37.84,38.35,585100,0.00,0.00,0.00
2024-11-22,38.39,38.99,38.24,38.83,364300,0.00,0.00,0.00
2024-11-25,39.40,39.44,38.79,39.21,571100,0.00,0.00,0.00
2024-11-26,38.88,39.29,38.63,38.75,325500,0.00,0.00,0.00
2024-11-27,39.02,39.30,38.70,39.23,321500,0.00,0.00,0.00
2024-11-29,39.28,39.62,39.25,39.27,249500,0.00,0.00,0.00
2024-12-02,39.47,39.69,39.27,39.43,446200,0.00,0.00,0.00
2024-12-03,39.10,39.77,39.04,39.66,255600,0.00,0.00,0.00
2024-12-04,40.00,40.77,39.91,40.73,822300,0.00,0.00,0.00
2024-12-05,41.09,41.26,40.44,40.47,481800,0.00,0.00,0.00
2024-12-06,40.79,41.71,40.79,41.59,614800,0.00,0.00,0.00
2024-12-09,41.52,41.57,40.19,40.31,1183700,0.00,0.00,0.00
2024-12-10,40.31,40.80,39.44,39.60,908700,0.00,0.00,0.00
2024-12-11,40.21,40.74,40.03,40.62,742700,0.00,0.00,0.00
2024-12-12,40.41,40.85,40.22,40.37,265700,0.00,0.00,0.00
2024-12-13,40.52,40.61,39.85,40.28,437400,0.00,0.00,0.00
2024-12-16,40.45,41.10,40.35,40.85,626100,0.00,0.00,0.00
2024-12-17,40.68,40.94,40.20,40.77,276700,0.00,0.00,0.00
2024-12-18,40.69,40.80,37.90,38.14,993800,0.00,0.00,0.00
2024-12-19,38.75,39.04,37.66,37.75,1167300,0.00,0.00,0.00
2024-12-20,37.25,38.74,37.08,38.53,907900,0.00,0.00,0.00
2024-12-23,38.44,38.46,37.76,38.17,817600,0.00,0.00,0.00
2024-12-24,38.41,39.04,38.37,39.04,284200,0.00,0.00,0.00
2024-12-26,38.74,39.00,38.49,38.92,438500,0.00,0.00,0.00
2024-12-27,38.63,38.80,37.72,38.15,787100,0.00,0.00,0.00
2024-12-30,37.34,37.77,37.00,37.49,676400,0.00,0.00,0.00
2024-12-31,37.70,37.75,36.88,37.05,571600,0.00,0.00,0.00
2025-01-02,37.45,37.81,36.87,37.45,404600,0.00,0.00,0.00
2025-01-03,37.83,38.72,37.80,38.66,258500,0.00,0.00,0.00
2025-01-06,39.22,39.77,39.04,39.53,398500,0.00,0.00,0.00
2025-01-07,39.72,39.74,37.75,38.04,417800,0.00,0.00,0.00
2025-01-08,37.95,38.14,37.32,37.93,299200,0.00,0.00,0.00
2025-01-10,37.19,37.47,36.57,37.27,490500,0.00,0.00,0.00
2025-01-13,36.27,36.71,36.02,36.70,368300,0.00,0.00,0.00
2025-01-14,37.34,37.73,36.99,37.22,181700,0.00,0.00,0.00
2025-01-15,38.46,38.86,38.21,38.57,328300,0.00,0.00,0.00
2025-01-16,38.72,39.20,38.40,38.89,231700,0.00,0.00,0.00
2025-01-17,39.59,39.79,39.28,39.53,228800,0.00,0.00,0.00
2025-01-21,40.00,40.69,39.47,40.46,524900,0.00,0.00,0.00
2025-01-22,40.70,40.71,40.32,40.44,393500,0.00,0.00,0.00
2025-01-23,40.15,40.91,40.01,40.80,501000,0.00,0.00,0.00
2025-01-24,41.00,41.51,40.95,40.99,337700,0.00,0.00,0.00
2025-01-27,39.50,40.48,39.29,39.93,579600,0.00,0.00,0.00
2025-01-28,40.15,41.36,39.90,41.25,341100,0.00,0.00,0.00
2025-01-29,41.14,41.74,40.83,41.48,444100,0.00,0.00,0.00
2025-01-30,41.71,42.55,41.71,42.32,694900,0.00,0.00,0.00
2025-01-31,42.61,42.72,41.53,41.70,413900,0.00,0.00,0.00
2025-02-03,40.04,41.43,39.95,41.13,532600,0.00,0.00,0.00
2025-02-04,41.51,42.16,41.44,41.84,271800,0.00,0.00,0.00
2025-02-05,42.02,42.32,41.75,42.28,349000,0.00,0.00,0.00
2025-02-06,42.12,42.28,41.62,42.04,298900,0.00,0.00,0.00
2025-02-07,42.18,42.72,41.95,42.03,305200,0.00,0.00,0.00
2025-02-10,42.55,42.81,42.39,42.61,341200,0.00,0.00,0.00
2025-02-11,42.41,42.58,41.76,42.06,230200,0.00,0.00,0.00
2025-02-12,41.51,42.56,41.36,42.38,289400,0.00,0.00,0.00
2025-02-13,42.84,43.94,42.82,43.91,586100,0.00,0.00,0.00
2025-02-14,44.25,44.54,43.84,44.43,700000,0.00,0.00,0.00
2025-02-18,44.72,44.72,43.64,44.01,271000,0.00,0.00,0.00
2025-02-19,43.89,43.89,42.92,43.09,302800,0.00,0.00,0.00
2025-02-20,42.94,43.04,41.55,42.31,726100,0.00,0.00,0.00
2025-02-21,42.59,42.59,40.04,40.10,714500,0.00,0.00,0.00
2025-02-24,40.06,40.22,38.64,39.29,502500,0.00,0.00,0.00
2025-02-25,38.85,38.85,37.23,37.94,723400,0.00,0.00,0.00
2025-02-26,38.23,38.94,38.15,38.49,413300,0.00,0.00,0.00
2025-02-27,38.76,38.88,37.37,37.41,253700,0.00,0.00,0.00
2025-02-28,37.03,38.10,36.74,38.07,401300,0.00,0.00,0.00
2025-03-03,38.97,39.24,36.56,36.79,488500,0.00,0.00,0.00
2025-03-04,36.10,37.29,34.96,36.49,783800,0.00,0.00,0.00
2025-03-05,36.79,37.82,36.46,37.79,337900,0.00,0.00,0.00
2025-03-06,36.88,37.75,35.93,36.12,478600,0.00,0.00,0.00
2025-03-07,35.84,36.45,34.40,35.91,847500,0.00,0.00,0.00
2025-03-10,34.66,34.66,32.67,33.07,1016900,0.00,0.00,0.00
2025-03-11,33.06,34.04,32.84,33.55,710000,0.00,0.00,0.00
2025-03-12,34.66,34.84,33.74,34.41,305900,0.00,0.00,0.00
2025-03-13,34.13,34.15,32.74,32.96,375500,0.00,0.00,0.00
2025-03-14,33.72,34.34,33.72,34.28,224600,0.00,0.00,0.00
2025-03-17,34.30,35.28,34.21,34.97,437100,0.00,0.00,0.00
2025-03-18,34.63,34.63,33.66,34.02,340300,0.00,0.00,0.00
2025-03-19,34.46,35.67,34.29,35.23,451800,0.00,0.00,0.00
2025-03-20,34.83,35.77,34.83,35.21,425900,0.00,0.00,0.00
2025-03-21,34.73,35.64,34.53,35.60,276600,0.00,0.00,0.00
2025-03-24,36.37,37.01,36.33,36.95,696000,0.00,0.00,0.00
2025-03-25,37.04,37.31,36.73,37.01,331900,0.00,0.00,0.00
2025-03-26,36.88,37.00,35.54,35.77,364500,0.00,0.00,0.00
2025-03-27,35.45,35.81,34.99,35.29,228000,0.00,0.00,0.00
2025-03-28,34.78,34.95,33.74,33.90,401900,0.00,0.00,0.00
2025-03-31,32.87,33.58,32.21,33.26,520000,0.00,0.00,0.00
2025-04-01,33.39,34.16,33.12,33.91,477100,0.00,0.00,0.00
2025-04-02,33.16,35.01,33.16,34.66,392300,0.00,0.00,0.00
2025-04-03,32.09,32.51,31.46,31.79,781600,0.00,0.00,0.00
2025-04-04,30.37,30.60,28.65,29.78,924400,0.00,0.00,0.00
2025-04-07,27.92,30.99,27.70,29.86,353500,0.00,0.00,0.00
2025-04-08,31.21,31.49,28.75,29.19,501200,0.00,0.00,0.00
2025-04-09,28.94,33.68,28.94,33.33,406700,0.00,0.00,0.00
2025-04-10,32.52,32.52,30.70,31.81,459400,0.00,0.00,0.00
2025-04-11,31.78,32.52,31.25,32.49,168100,0.00,0.00,0.00
2025-04-14,33.41,33.54,32.23,32.74,239100,0.00,0.00,0.00
2025-04-15,32.68,33.31,32.68,33.00,114800,0.00,0.00,0.00
2025-04-16,32.44,32.79,31.80,32.30,150800,0.00,0.00,0.00
2025-04-17,32.56,32.77,32.06,32.56,242200,0.00,0.00,0.00
2025-04-21,32.12,32.60,31.58,31.96,363200,0.00,0.00,0.00
2025-04-22,32.46,33.64,32.45,33.30,247300,0.00,0.00,0.00
2025-04-23,34.69,35.38,34.21,34.37,262200,0.00,0.00,0.00
2025-04-24,34.26,35.58,34.26,35.53,185700,0.00,0.00,0.00
2025-04-25,35.57,36.25,35.54,36.09,357900,0.00,0.00,0.00
2025-04-28,36.25,36.40,35.51,36.11,155800,0.00,0.00,0.00
2025-04-29,36.07,36.56,36.03,36.42,157400,0.00,0.00,0.00
2025-04-30,35.47,36.08,34.92,36.08,279300,0.00,0.00,0.00
2025-05-01,36.96,36.96,36.11,36.15,403900,0.00,0.00,0.00
2025-05-02,36.26,36.90,36.14,36.61,213500,0.00,0.00,0.00
2025-05-05,36.00,36.58,35.99,36.37,188500,0.00,0.00,0.00
2025-05-06,35.64,35.93,35.42,35.73,269400,0.00,0.00,0.00
2025-05-07,35.96,36.40,35.82,36.17,308700,0.00,0.00,0.00
2025-05-08,36.70,37.56,36.68,37.22,200000,0.00,0.00,0.00
2025-05-09,37.60,38.07,37.23,37.43,480500,0.00,0.00,0.00
2025-05-12,39.21,39.35,38.53,39.18,695500,0.00,0.00,0.00
2025-05-13,39.87,41.30,39.87,41.05,312100,0.00,0.00,0.00
2025-05-14,40.92,41.54,40.92,41.29,222700,0.00,0.00,0.00
2025-05-15,40.94,41.08,40.25,40.78,221700,0.00,0.00,0.00
2025-05-16,41.06,41.48,41.03,41.39,278000,0.00,0.00,0.00
2025-05-19,40.47,41.44,40.47,41.42,248300,0.00,0.00,0.00
2025-05-20,41.22,41.27,40.70,41.13,208800,0.00,0.00,0.00
2025-05-21,40.72,41.43,40.21,40.43,443000,0.00,0.00,0.00
2025-05-22,40.59,41.34,40.50,40.95,331800,0.00,0.00,0.00
2025-05-23,40.09,40.88,40.05,40.58,170600,0.00,0.00,0.00
2025-05-27,41.29,41.63,41.08,41.46,304300,0.00,0.00,0.00
2025-05-28,41.43,41.43,41.04,41.09,337100,0.00,0.00,0.00
2025-05-29,41.78,41.82,40.78,40.93,217600,0.00,0.00,0.00
2025-05-30,40.78,41.17,40.25,41.12,239300,0.00,0.00,0.00
2025-06-02,40.82,41.49,40.49,41.45,300300,0.00,0.00,0.00
2025-06-03,41.63,42.14,41.34,41.95,219700,0.00,0.00,0.00
2025-06-04,41.93,42.11,41.62,41.97,142500,0.00,0.00,0.00
2025-06-05,42.14,42.89,41.45,41.80,419800,0.00,0.00,0.00
2025-06-06,42.48,44.94,42.48,44.45,826400,0.00,0.00,0.00
2025-06-09,44.66,45.06,44.38,44.67,361500,0.00,0.00,0.00
2025-06-10,44.79,44.93,43.85,44.50,365100,0.00,0.00,0.00
2025-06-11,44.79,45.49,44.63,45.06,307100,0.00,0.00,0.00
2025-06-12,44.81,44.89,44.11,44.19,289200,0.00,0.00,0.00
2025-06-13,43.38,44.34,43.28,44.07,436900,0.00,0.00,0.00
2025-06-16,45.07,46.11,45.06,45.94,397300,0.00,0.00,0.00
2025-06-17,45.80,45.99,44.86,45.24,215900,0.00,0.00,0.00
2025-06-18,45.32,47.07,45.07,46.94,698100,0.00,0.00,0.00
2025-06-20,47.77,47.95,47.03,47.63,683000,0.00,0.00,0.00
2025-06-23,47.42,48.72,46.78,48.24,786800,0.00,0.00,0.00
2025-06-24,48.82,49.81,48.49,49.48,576900,0.00,0.00,0.00
2025-06-25,50.00,50.20,48.91,49.09,539400,0.00,0.00,0.00
2025-06-26,49.39,50.11,49.06,49.98,423200,0.00,0.00,0.00
2025-06-27,50.26,50.26,48.75,49.12,507300,0.00,0.00,0.00
2025-06-30,49.88,50.30,49.65,50.24,448500,0.00,0.00,0.00
2025-07-01,50.10,50.37,48.88,49.31,586600,0.00,0.00,0.00
2025-07-02,49.10,50.11,49.05,49.74,286300,0.00,0.00,0.00
2025-07-03,49.97,50.25,49.79,50.16,220800,0.00,0.00,0.00
2025-07-07,49.94,50.68,49.61,50.63,751100,0.00,0.00,0.00
2025-07-08,50.91,51.27,50.06,50.25,322600,0.00,0.00,0.00
2025-07-09,50.61,51.24,50.33,51.23,522700,0.00,0.00,0.00
2025-07-10,51.30,51.57,50.49,51.57,485000,0.00,0.00,0.00
2025-07-11,51.48,51.80,50.72,51.00,686000,0.00,0.00,0.00
2025-07-14,51.36,52.23,51.29,52.18,910700,0.00,0.00,0.00
2025-07-15,52.23,52.32,51.39,51.69,668500,0.00,0.00,0.00
2025-07-16,52.00,53.56,52.00,53.40,1016000,0.00,0.00,0.00
2025-07-17,53.50,54.67,53.22,54.42,1086700,0.00,0.00,0.00
2025-07-18,54.94,55.82,54.24,54.73,835000,0.00,0.00,0.00
2025-07-21,55.23,55.50,54.47,54.52,754200,0.00,0.00,0.00
2025-07-22,54.32,54.51,52.94,53.73,897000,0.00,0.00,0.00
2025-07-23,53.85,53.93,53.14,53.93,573700,0.00,0.00,0.00
2025-07-24,53.99,54.10,53.51,53.76,447900,0.00,0.00,0.00
2025-07-25,53.62,54.26,53.58,54.09,341700,0.00,0.00,0.00
2025-07-28,54.44,54.55,53.87,54.03,703000,0.00,0.00,0.00
2025-07-29,54.30,54.47,53.03,53.13,672100,0.00,0.00,0.00
2025-07-30,53.17,54.00,53.07,53.57,364800,0.00,0.00,0.00
2025-07-31,54.47,54.84,53.53,53.69,496100,0.00,0.00,0.00
2025-08-01,51.81,51.93,50.39,50.96,968000,0.00,0.00,0.00
2025-08-04,51.70,52.65,51.39,52.64,454800,0.00,0.00,0.00
2025-08-05,52.44,52.64,51.72,51.99,1248900,0.00,0.00,0.00
2025-08-06,52.37,53.89,52.37,53.87,659100,0.00,0.00,0.00
2025-08-07,54.48,54.72,53.34,54.08,770300,0.00,0.00,0.00
2025-08-08,54.09,54.55,53.75,54.24,1061400,0.00,0.00,0.00
2025-08-11,54.62,55.29,54.16,54.26,1221100,0.00,0.00,0.00
2025-08-12,55.17,55.39,54.53,55.27,645800,0.00,0.00,0.00
2025-08-13,55.65,56.04,54.94,55.62,820400,0.00,0.00,0.00
2025-08-14,54.65,55.00,54.12,54.51,762300,0.00,0.00,0.00
2025-08-15,54.48,54.62,54.08,54.51,583600,0.00,0.00,0.00
2025-08-18,54.24,54.60,53.71,54.56,798100,0.00,0.00,0.00
2025-08-19,54.33,54.55,52.47,52.62,1222000,0.00,0.00,0.00
2025-08-20,52.36,52.73,51.08,52.63,1374300,0.00,0.00,0.00
2025-08-21,52.27,52.69,52.04,52.36,257300,0.00,0.00,0.00
2025-08-22,52.48,54.78,52.20,54.41,1064100,0.00,0.00,0.00
2025-08-25,54.02,54.40,53.57,53.65,588400,0.00,0.00,0.00
2025-08-26,53.47,54.01,53.30,53.91,294800,0.00,0.00,0.00
2025-08-27,53.87,54.01,53.17,53.35,386200,0.00,0.00,0.00
2025-08-28,53.58,54.27,53.58,54.08,316000,0.00,0.00,0.00
2025-08-29,53.81,54.10,53.23,53.54,359600,0.00,0.00,0.00
2025-09-02,52.23,53.07,51.68,52.82,338700,0.00,0.00,0.00
2025-09-03,52.96,53.23,52.65,52.93,170300,0.00,0.00,0.00
2025-09-04,52.91,53.16,52.40,53.08,180000,0.00,0.00,0.00
2025-09-05,53.75,53.81,51.87,52.97,307800,0.00,0.00,0.00
2025-09-08,53.61,54.07,53.44,53.87,756100,0.00,0.00,0.00
2025-09-09,54.10,54.40,53.82,54.32,238100,0.00,0.00,0.00
2025-09-10,54.78,55.05,53.62,53.89,623300,0.00,0.00,0.00
2025-09-11,54.22,54.97,54.09,54.72,698100,0.00,0.00,0.00
2025-09-12,54.94,54.94,54.29,54.71,268200,0.00,0.00,0.00
2025-09-15,54.87,55.20,54.61,55.12,415200,0.00,0.00,0.00
2025-09-16,55.39,55.51,54.70,55.32,350300,0.00,0.00,0.00
2025-09-17,55.38,55.72,54.40,55.37,359100,0.00,0.00,0.00
2025-09-18,55.97,57.14,55.97,56.86,1077100,0.00,0.00,0.00
2025-09-19,57.58,58.35,57.44,57.77,1191100,0.00,0.00,0.00
2025-09-22,57.54,57.37,56.70,56.96,394119,0.00,0.00,0.00
